"Land","Talkgroup","Name",""
"Global","8","regional","LH  Hoseline  Wiki"
"Global","9","local","LH  Hoseline  Wiki"
"Global","91","World-wide","LH  Hoseline  Wiki"
"Global","92","Europe","LH  Hoseline  Wiki"
"Global","93","North America","LH  Hoseline  Wiki"
"Global","95","Australia, New Zeland","LH  Hoseline  Wiki"
"Global","907","JOTA","LH  Hoseline  Wiki"
"Global","910","German","LH  Hoseline  Wiki"
"Global","913","English","LH  Hoseline  Wiki"
"Global","914","Spanish","LH  Hoseline  Wiki"
"Global","915","Portuguese","LH  Hoseline  Wiki"
"Global","918","YOTA","LH  Hoseline  Wiki"
"Global","920","DL, OE, HB9","LH  Hoseline  Wiki"
"Global","922","Dutch","LH  Hoseline  Wiki"
"Global","923","European English","LH  Hoseline  Wiki"
"Global","927","Nordic","LH  Hoseline  Wiki"
"Global","930","PanHellenic Chat","LH  Hoseline  Wiki"
"Global","937","Francophone","LH  Hoseline  Wiki"
"Global","955","WWYL","LH  Hoseline  Wiki"
"Global","969","DMR-Caribbean","LH  Hoseline  Wiki"
"Global","973","SOTA","LH  Hoseline  Wiki"
"Global","9071","JOTA Tac 1","LH  Hoseline  Wiki"
"Global","9072","JOTA Tac 2","LH  Hoseline  Wiki"
"Global","9101","Worldwide Maritime","LH  Hoseline  Wiki"
"Global","9107","XRF007 B","LH  Hoseline  Wiki"
"Global","9112","Emcom EU","LH  Hoseline  Wiki"
"Global","9201","EURAO","LH  Hoseline  Wiki"
"Global","9410","ATV Talk","LH  Hoseline  Wiki"
"Global","9500","Collegiate","LH  Hoseline  Wiki"
"Global","9502","XRF250C Bridge","LH  Hoseline  Wiki"
"Global","9504","*RUSSIA* (EchoLink)","LH  Hoseline  Wiki"
"Global","9505","Bridge to Radiocult (FRN)","LH  Hoseline  Wiki"
"Global","9911","Emcom US","LH  Hoseline  Wiki"
"Global","9990","Parrot","LH  Hoseline  Wiki"
"Global","91665","Marines RNLMC","LH  Hoseline  Wiki"
"Global","95150","Global NorCal 5150","LH  Hoseline  Wiki"
"Global","950600","Russia / Ivanovo","LH  Hoseline  Wiki"
"Global","950601","Russia / Tarko-Sale / RT9K","LH  Hoseline  Wiki"
"Global","950602","Russia / Tarko-Sale / RT9K / Emergency","LH  Hoseline  Wiki"
"Global","950603","Russia / Moscow / UA3AAT","LH  Hoseline  Wiki"
"Global","950604","Russia / Moscow / ICS","LH  Hoseline  Wiki"
"Global","950605","Russia / Ekaterinburg (1)","LH  Hoseline  Wiki"
"Global","950606","Russia / Saint Petersburg","LH  Hoseline  Wiki"
"Global","950607","Russia / Verkhnaya Pyshma","LH  Hoseline  Wiki"
"Global","950608","Russia / Kaliningrad","LH  Hoseline  Wiki"
"Global","950609","Russia / Syktyvkar","LH  Hoseline  Wiki"
"Global","950610","Russia / Chelyabinsk","LH  Hoseline  Wiki"
"Global","950611","Russia / Moscow / RD3ANL","LH  Hoseline  Wiki"
"Global","950612","Russia / Omsk","LH  Hoseline  Wiki"
"Global","950613","Russia / Ekaterinburg (2)","LH  Hoseline  Wiki"
"Global","950614","Russia / Domodedovo","LH  Hoseline  Wiki"
"Global","950615","Russia / Rostov-on-Don","LH  Hoseline  Wiki"
"Global","950616","Russia / Rostov Region","LH  Hoseline  Wiki"
"Global","950617","Russia / Caucasus","LH  Hoseline  Wiki"
"Global","950618","Russia / Kirov","LH  Hoseline  Wiki"
"Global","950619","Russia / Volgodonsk","LH  Hoseline  Wiki"
"Global","950620","Russia / Moscow / R2AJV","LH  Hoseline  Wiki"
"Global","950621","Russia / Moscow","LH  Hoseline  Wiki"
"Global","950622","Russia / Krasnoyarsk (1)","LH  Hoseline  Wiki"
"Global","950623","Russia / Krasnoyarsk (2)","LH  Hoseline  Wiki"
"Global","950624","Russia / Mozhaysk","LH  Hoseline  Wiki"
"Global","950625","Russia / Krasnogorsk","LH  Hoseline  Wiki"
"Global","950626","Russia / Narofominsk","LH  Hoseline  Wiki"
"Global","950627","Russia / Krasnodar","LH  Hoseline  Wiki"
"Global","950628","Russia / Sevastopol","LH  Hoseline  Wiki"
"AR","722","Argentina","LH  Hoseline  Wiki"
"AR","7221","AR AMBA","LH  Hoseline  Wiki"
"AR","7227","AR WIRES-X Digital","LH  Hoseline  Wiki"
"AR","7229","AR Test","LH  Hoseline  Wiki"
"AT","232","Austria","LH  Hoseline  Wiki"
"AT","2320","OE-Master","LH  Hoseline  Wiki"
"AT","2321","Wien","LH  Hoseline  Wiki"
"AT","2322","Salzburg","LH  Hoseline  Wiki"
"AT","2323","Niederoesterreich","LH  Hoseline  Wiki"
"AT","2324","Burgenland","LH  Hoseline  Wiki"
"AT","2325","Oberoesterreich","LH  Hoseline  Wiki"
"AT","2326","Steiermark","LH  Hoseline  Wiki"
"AT","2327","Tirol","LH  Hoseline  Wiki"
"AT","2328","Kaernten","LH  Hoseline  Wiki"
"AT","2329","Vorarlberg","LH  Hoseline  Wiki"
"AT","23200","TAC 1 Austria","LH  Hoseline  Wiki"
"AT","23299","TAC 2 Austria","LH  Hoseline  Wiki"
"AU","505","Australia","LH  Hoseline  Wiki"
"AU","5050","XLX500 G","LH  Hoseline  Wiki"
"AU","5051","Australian capital territory","LH  Hoseline  Wiki"
"AU","5052","Australia New South Wales","LH  Hoseline  Wiki"
"AU","5053","Australia Victoria","LH  Hoseline  Wiki"
"AU","5054","Australia Queensland","LH  Hoseline  Wiki"
"AU","5055","South Australia","LH  Hoseline  Wiki"
"AU","5056","Western Australia","LH  Hoseline  Wiki"
"AU","5057","Australia Tasmania","LH  Hoseline  Wiki"
"AU","5058","Australia Northern territory","LH  Hoseline  Wiki"
"AU","5059","YSF001 wires-x","LH  Hoseline  Wiki"
"AU","50501","XLX389A","LH  Hoseline  Wiki"
"AU","50503","XLX389C","LH  Hoseline  Wiki"
"AU","50510","XLX510 D","LH  Hoseline  Wiki"
"AU","50525","P25 50525 Bridge","LH  Hoseline  Wiki"
"AU","50531","VK3 Chat 1","LH  Hoseline  Wiki"
"AU","50566","WICEN","LH  Hoseline  Wiki"
"AU","50590","VK2HK-2-ROOM Wires-X","LH  Hoseline  Wiki"
"AU","50591","VK2GP-ND wires-x","LH  Hoseline  Wiki"
"AU","50592","VK3KAY-ROOM wires-x","LH  Hoseline  Wiki"
"AU","50593","XRF740 C","LH  Hoseline  Wiki"
"AU","50594","VK2RFG-ROOM","LH  Hoseline  Wiki"
"AU","50599","YSF001|XLX389D","LH  Hoseline  Wiki"
"AU","505999","XLX626B&NZXLXYSF","LH  Hoseline  Wiki"
"AU","5059742","XRF740 C","LH  Hoseline  Wiki"
"AX","2440","Regional OH0","LH  Hoseline  Wiki"
"BE","206","Belgium","LH  Hoseline  Wiki"
"BE","2061","Belgium North","LH  Hoseline  Wiki"
"BE","2062","Belgium South","LH  Hoseline  Wiki"
"BE","2063","Belgium East","LH  Hoseline  Wiki"
"BE","2064","Belgium OnDemand 4","LH  Hoseline  Wiki"
"BE","2065","Belgium OnDemand 5","LH  Hoseline  Wiki"
"BE","2066","Belgium OnDemand 6","LH  Hoseline  Wiki"
"BE","2067","Belgium OnDemand 7","LH  Hoseline  Wiki"
"BE","2068","Belgium OnDemand 8","LH  Hoseline  Wiki"
"BE","2069","Belgium OnDemand 9","LH  Hoseline  Wiki"
"BE","20601","Belgium North YSF Bridge","LH  Hoseline  Wiki"
"BE","20602","Belgium South YSF Bridge","LH  Hoseline  Wiki"
"BE","20681","Gembloux","LH  Hoseline  Wiki"
"BG","284","Bulgaria","LH  Hoseline  Wiki"
"BG","2842","Sofia","LH  Hoseline  Wiki"
"BG","2843","Plovdiv","LH  Hoseline  Wiki"
"BG","2844","Burgas","LH  Hoseline  Wiki"
"BG","2847","Haskovo","LH  Hoseline  Wiki"
"BG","2849","Varna","LH  Hoseline  Wiki"
"BR","724","Brazil","LH  Hoseline  Wiki"
"BR","724942","XRF724 B","LH  Hoseline  Wiki"
"BR","724943","XRF724 C","LH  Hoseline  Wiki"
"CA","302","Canada","LH  Hoseline  Wiki"
"CA","3023","Ontario Cross-Link","LH  Hoseline  Wiki"
"CA","3026","Canada English (4326)","LH  Hoseline  Wiki"
"CA","3027","Canada Francais (4327)","LH  Hoseline  Wiki"
"CA","30271","Canada BC 1","LH  Hoseline  Wiki"
"CA","30272","Canada BC 2","LH  Hoseline  Wiki"
"CH","228","Switzerland","LH  Hoseline  Wiki"
"CH","2280","Schweiz Deutsch","LH  Hoseline  Wiki"
"CH","2281","Suisse Romande","LH  Hoseline  Wiki"
"CH","2282","Valais / Wallis","LH  Hoseline  Wiki"
"CH","2283","Bern / Solothurn","LH  Hoseline  Wiki"
"CH","2284","Basel","LH  Hoseline  Wiki"
"CH","2285","Aargau / Zentralschweiz","LH  Hoseline  Wiki"
"CH","2286","Ticino","LH  Hoseline  Wiki"
"CH","2287","Graubünden","LH  Hoseline  Wiki"
"CH","2288","Zürich","LH  Hoseline  Wiki"
"CH","2289","Ostschweiz","LH  Hoseline  Wiki"
"CH","22801","UA 1","LH  Hoseline  Wiki"
"CH","22802","UA 2","LH  Hoseline  Wiki"
"CH","22803","UA 3","LH  Hoseline  Wiki"
"CH","22804","UA 4","LH  Hoseline  Wiki"
"CH","22810","HB9-BM-WIRESX","LH  Hoseline  Wiki"
"CH","22811","Vaud","LH  Hoseline  Wiki"
"CH","22812","Genève","LH  Hoseline  Wiki"
"CH","22813","Alpes Vaudoises","LH  Hoseline  Wiki"
"CH","22814","Alpes Valaisannes","LH  Hoseline  Wiki"
"CH","22820","Bridge YSF-HB9","LH  Hoseline  Wiki"
"CH","22860","Swiss-Italiana","LH  Hoseline  Wiki"
"CH","22877","Poschiavo","LH  Hoseline  Wiki"
"CH","228111","Room Verbier","LH  Hoseline  Wiki"
"CL","730","Chile","LH  Hoseline  Wiki"
"CL","7300","CE0","LH  Hoseline  Wiki"
"CL","7301","CE1","LH  Hoseline  Wiki"
"CL","7302","CE2","LH  Hoseline  Wiki"
"CL","7303","CE3","LH  Hoseline  Wiki"
"CL","7304","CE4","LH  Hoseline  Wiki"
"CL","7305","CE5","LH  Hoseline  Wiki"
"CL","7306","CE6","LH  Hoseline  Wiki"
"CL","7307","CE7","LH  Hoseline  Wiki"
"CL","7308","CE8","LH  Hoseline  Wiki"
"CL","7309","CE9","LH  Hoseline  Wiki"
"CL","73099","CL-WIRES-X-DMR","LH  Hoseline  Wiki"
"CN","460","China","LH  Hoseline  Wiki"
"CN","46007","China 7 区","LH  Hoseline  Wiki"
"CO","732","Columbia","LH  Hoseline  Wiki"
"CO","7320","Columbia HK0 Zone","LH  Hoseline  Wiki"
"CO","7323","Columbia HK3 Zone","LH  Hoseline  Wiki"
"CO","7325","Columbia HK5 Zone","LH  Hoseline  Wiki"
"CO","7326","Columbia HK6 Zone","LH  Hoseline  Wiki"
"CO","73203","YSF Columbia LR","LH  Hoseline  Wiki"
"CO","732911","HK EMMCOMM","LH  Hoseline  Wiki"
"CY","280","Cyprus","LH  Hoseline  Wiki"
"CY","2802","Nicosia","LH  Hoseline  Wiki"
"CY","2803","Famagusta","LH  Hoseline  Wiki"
"CY","2804","Larnaca","LH  Hoseline  Wiki"
"CY","2805","Limassol","LH  Hoseline  Wiki"
"CY","2806","Paphos","LH  Hoseline  Wiki"
"CY","2807","Kyrenia","LH  Hoseline  Wiki"
"CY","28091","Youth 1","LH  Hoseline  Wiki"
"CY","28092","Youth 2","LH  Hoseline  Wiki"
"CY","28096","XLX146","LH  Hoseline  Wiki"
"CY","28097","WiresX Cyprus","LH  Hoseline  Wiki"
"CZ","230","Czech Republic","LH  Hoseline  Wiki"
"CZ","2300","Czech Crossconect","LH  Hoseline  Wiki"
"CZ","2301","Bohemia","LH  Hoseline  Wiki"
"CZ","2302","Moravia","LH  Hoseline  Wiki"
"DE","262","Deutschland","LH  Hoseline  Wiki"
"DE","2620","Sachsen-Anhalt/Mecklenburg-Vorpo","LH  Hoseline  Wiki"
"DE","2621","Berlin/Brandenburg","LH  Hoseline  Wiki"
"DE","2622","Hamburg/Schleswig-Holstein","LH  Hoseline  Wiki"
"DE","2623","Niedersachsen/Bremen","LH  Hoseline  Wiki"
"DE","2624","Nordrhein-Westfalen","LH  Hoseline  Wiki"
"DE","2625","Rheinland-Pfalz/Saarland","LH  Hoseline  Wiki"
"DE","2626","Hessen","LH  Hoseline  Wiki"
"DE","2627","Baden-Württemberg","LH  Hoseline  Wiki"
"DE","2628","Bayern","LH  Hoseline  Wiki"
"DE","2629","Sachsen/Thüringen","LH  Hoseline  Wiki"
"DE","26200","TAC 1","LH  Hoseline  Wiki"
"DE","26209","Braandenburg","LH  Hoseline  Wiki"
"DE","26212","Berlin-City","LH  Hoseline  Wiki"
"DE","26220","Grossraum Hamburg","LH  Hoseline  Wiki"
"DE","26221","Hamburg-City","LH  Hoseline  Wiki"
"DE","26222","Ostholstein-Nord","LH  Hoseline  Wiki"
"DE","26223","Chaoswelle","LH  Hoseline  Wiki"
"DE","26224","Elbe-Weser","LH  Hoseline  Wiki"
"DE","26225","AFU-Nord","LH  Hoseline  Wiki"
"DE","26226","DMR Netzverbund Nord","LH  Hoseline  Wiki"
"DE","26228","Ostholstein-Sued","LH  Hoseline  Wiki"
"DE","26231","NI Mitte","LH  Hoseline  Wiki"
"DE","26232","Dreiländereck Mitte Deutschland","LH  Hoseline  Wiki"
"DE","26233","TAC 3","LH  Hoseline  Wiki"
"DE","26234","NI-Sued","LH  Hoseline  Wiki"
"DE","26236","NI-Nord","LH  Hoseline  Wiki"
"DE","26241","Rheinland","LH  Hoseline  Wiki"
"DE","26242","Muensterland","LH  Hoseline  Wiki"
"DE","26243","Ruhrgebiet","LH  Hoseline  Wiki"
"DE","26245","Rheinland-Sued","LH  Hoseline  Wiki"
"DE","26250","Saarland","LH  Hoseline  Wiki"
"DE","26260","Mittelhessen","LH  Hoseline  Wiki"
"DE","26261","Nordhessen","LH  Hoseline  Wiki"
"DE","26262","Rhein-Main-Neckar","LH  Hoseline  Wiki"
"DE","26266","TAC 4","LH  Hoseline  Wiki"
"DE","26270","Stuttgart","LH  Hoseline  Wiki"
"DE","26271","Baden","LH  Hoseline  Wiki"
"DE","26272","Neckar-Odenwald","LH  Hoseline  Wiki"
"DE","26273","BW-Ostalb","LH  Hoseline  Wiki"
"DE","26274","BW-Böblingen","LH  Hoseline  Wiki"
"DE","26275","Schwarzwald-Nord","LH  Hoseline  Wiki"
"DE","26276","Neckar-Alb","LH  Hoseline  Wiki"
"DE","26277","Schwarzwald","LH  Hoseline  Wiki"
"DE","26278","BW Herrenberg","LH  Hoseline  Wiki"
"DE","26279","BW-Mittlerer-Neckar","LH  Hoseline  Wiki"
"DE","26280","Niederbayern","LH  Hoseline  Wiki"
"DE","26282","Schwaben","LH  Hoseline  Wiki"
"DE","26283","Region München","LH  Hoseline  Wiki"
"DE","26284","Region Franken","LH  Hoseline  Wiki"
"DE","26285","Region Ingolstadt","LH  Hoseline  Wiki"
"DE","26286","Coburg-Rennsteig","LH  Hoseline  Wiki"
"DE","26287","Allgäu-Bodensee","LH  Hoseline  Wiki"
"DE","26288","Region Bayern Oberland","LH  Hoseline  Wiki"
"DE","26289","Oberpfalz","LH  Hoseline  Wiki"
"DE","26298","Thüringen","LH  Hoseline  Wiki"
"DE","26299","TAC 2","LH  Hoseline  Wiki"
"DE","26301","Sachsen-Erzgebirge","LH  Hoseline  Wiki"
"DE","26331","NI Ost","LH  Hoseline  Wiki"
"DE","26345","Ostwestfalen-Lippe","LH  Hoseline  Wiki"
"DE","263333","Twitterrunde","LH  Hoseline  Wiki"
"DK","238","Denmark","LH  Hoseline  Wiki"
"DK","2381","Denmark Nordjylland","LH  Hoseline  Wiki"
"DK","2382","Denmark Midtjylland","LH  Hoseline  Wiki"
"DK","2383","Denmark Syddanmark","LH  Hoseline  Wiki"
"DK","2384","Denmark Copenhagen","LH  Hoseline  Wiki"
"DK","2385","Denmark Sjaelland","LH  Hoseline  Wiki"
"DK","2386","Chat","LH  Hoseline  Wiki"
"DK","2387","Chat","LH  Hoseline  Wiki"
"DK","2388","D-Star DCS699B","LH  Hoseline  Wiki"
"DK","2389","Wires-X 41365","LH  Hoseline  Wiki"
"DO","370","Dominican Republic","LH  Hoseline  Wiki"
"DO","37030","Skynet","LH  Hoseline  Wiki"
"EE","248","Estonia","LH  Hoseline  Wiki"
"EE","24810","Estonia-RUS / ham-dmr.ee","LH  Hoseline  Wiki"
"ES","214","Spain","LH  Hoseline  Wiki"
"ES","2141","Regional EA1","LH  Hoseline  Wiki"
"ES","2142","Regional EA2","LH  Hoseline  Wiki"
"ES","2143","Regional EA3","LH  Hoseline  Wiki"
"ES","2144","Regional EA4","LH  Hoseline  Wiki"
"ES","2145","Regional EA5","LH  Hoseline  Wiki"
"ES","2146","Regional EA6","LH  Hoseline  Wiki"
"ES","2147","Regional EA7","LH  Hoseline  Wiki"
"ES","2148","Regional EA8","LH  Hoseline  Wiki"
"ES","2149","Regional EA9","LH  Hoseline  Wiki"
"ES","21401","Provincial Araba","LH  Hoseline  Wiki"
"ES","21402","Provincial Albacete","LH  Hoseline  Wiki"
"ES","21403","Provincial Alicante","LH  Hoseline  Wiki"
"ES","21404","Provincial Almería","LH  Hoseline  Wiki"
"ES","21405","Provincial Avila","LH  Hoseline  Wiki"
"ES","21406","Provincial Badajoz","LH  Hoseline  Wiki"
"ES","21407","Provincial Illes Balears","LH  Hoseline  Wiki"
"ES","21408","Provincial Barcelona","LH  Hoseline  Wiki"
"ES","21409","Provincial Burgos","LH  Hoseline  Wiki"
"ES","21410","Provincial Cáceres","LH  Hoseline  Wiki"
"ES","21411","Provincial Cádiz","LH  Hoseline  Wiki"
"ES","21412","Provincial Castellón","LH  Hoseline  Wiki"
"ES","21413","Provincial Ciudad Real","LH  Hoseline  Wiki"
"ES","21414","Provincial Córdoba","LH  Hoseline  Wiki"
"ES","21415","Provincial Coruña","LH  Hoseline  Wiki"
"ES","21416","Provincial Cuenca","LH  Hoseline  Wiki"
"ES","21417","Provincial Girona","LH  Hoseline  Wiki"
"ES","21418","Provincial Granada","LH  Hoseline  Wiki"
"ES","21419","Provincial Guadalajara","LH  Hoseline  Wiki"
"ES","21420","Provincial Gipuzkoa","LH  Hoseline  Wiki"
"ES","21421","Provincial Huelva","LH  Hoseline  Wiki"
"ES","21422","Provincial Huesca","LH  Hoseline  Wiki"
"ES","21423","Provincial Jaen","LH  Hoseline  Wiki"
"ES","21424","Provincial Leon","LH  Hoseline  Wiki"
"ES","21425","Provincial Lleida","LH  Hoseline  Wiki"
"ES","21427","Provincial Lugo","LH  Hoseline  Wiki"
"ES","21428","Provincial Madrid","LH  Hoseline  Wiki"
"ES","21429","Provincial Málaga","LH  Hoseline  Wiki"
"ES","21430","Provincial Murcial","LH  Hoseline  Wiki"
"ES","21431","Provincial Navarra","LH  Hoseline  Wiki"
"ES","21432","Provincial Ourense","LH  Hoseline  Wiki"
"ES","21433","Provincial Asturias","LH  Hoseline  Wiki"
"ES","21434","Provincial Palencia","LH  Hoseline  Wiki"
"ES","21436","Provincial Pontevedra","LH  Hoseline  Wiki"
"ES","21437","Provincial Salamanca","LH  Hoseline  Wiki"
"ES","21438","Provincial Tenerife","LH  Hoseline  Wiki"
"ES","21439","Provincial Cantabria","LH  Hoseline  Wiki"
"ES","21440","Provincial Segovia","LH  Hoseline  Wiki"
"ES","21441","Provincial Sevilla","LH  Hoseline  Wiki"
"ES","21442","Provincial Soria","LH  Hoseline  Wiki"
"ES","21443","Provincial Tarragona","LH  Hoseline  Wiki"
"ES","21444","Provincial Teruel","LH  Hoseline  Wiki"
"ES","21445","Provincial Toledo","LH  Hoseline  Wiki"
"ES","21446","Provincial Valencia","LH  Hoseline  Wiki"
"ES","21447","Provincial Valladolid","LH  Hoseline  Wiki"
"ES","21448","Provincial Bizkaia","LH  Hoseline  Wiki"
"ES","21449","Provincial Zamora","LH  Hoseline  Wiki"
"ES","21450","Provincial Zaragoza","LH  Hoseline  Wiki"
"ES","21451","Provincial Ceuta","LH  Hoseline  Wiki"
"ES","21452","Pronvical Melilla","LH  Hoseline  Wiki"
"ES","21460","CT Catalana","LH  Hoseline  Wiki"
"ES","21461","YSF-EA5 Spain","LH  Hoseline  Wiki"
"ES","21462","Técnico","LH  Hoseline  Wiki"
"ES","21463","TG de uso libre","LH  Hoseline  Wiki"
"ES","21464","TG de uso libre","LH  Hoseline  Wiki"
"ES","21466","TG de uso libre","LH  Hoseline  Wiki"
"ES","21467","YSF Bizkaia","LH  Hoseline  Wiki"
"ES","21468","EA8EE-R","LH  Hoseline  Wiki"
"ES","21469","TG de uso libre","LH  Hoseline  Wiki"
"ES","21470","TG de uso libre","LH  Hoseline  Wiki"
"ES","21471","TG de uso libre","LH  Hoseline  Wiki"
"ES","214012","Galicia","LH  Hoseline  Wiki"
"ES","214112","Emergencias","LH  Hoseline  Wiki"
"FI","244","Finland","LH  Hoseline  Wiki"
"FI","2441","Regional OH1","LH  Hoseline  Wiki"
"FI","2442","Regional OH2","LH  Hoseline  Wiki"
"FI","2443","Regional OH3","LH  Hoseline  Wiki"
"FI","2444","Regional OH4","LH  Hoseline  Wiki"
"FI","2445","Regional OH5","LH  Hoseline  Wiki"
"FI","2446","Regional OH6","LH  Hoseline  Wiki"
"FI","2447","Regional OH7","LH  Hoseline  Wiki"
"FI","2448","Regional OH8","LH  Hoseline  Wiki"
"FI","2449","Regional OH9","LH  Hoseline  Wiki"
"FI","24431","Regional OH3 Tampere","LH  Hoseline  Wiki"
"FI","24432","Regional OH3 Lahti","LH  Hoseline  Wiki"
"FI","24465","TG de uso libre","LH  Hoseline  Wiki"
"FR","208","France 0","LH  Hoseline  Wiki"
"FR","2080","France Ile De France 10","LH  Hoseline  Wiki"
"FR","2081","France Mediterranee 1","LH  Hoseline  Wiki"
"FR","2082","France Alpes 2","LH  Hoseline  Wiki"
"FR","2083","France Midi Pyrenees 3","LH  Hoseline  Wiki"
"FR","2084","France Est 4","LH  Hoseline  Wiki"
"FR","2085","France Ouest","LH  Hoseline  Wiki"
"FR","2086","France Atlantique 6","LH  Hoseline  Wiki"
"FR","2087","France Nord 7","LH  Hoseline  Wiki"
"FR","2088","France Centre 8","LH  Hoseline  Wiki"
"FR","2089","France DOM-TOM","LH  Hoseline  Wiki"
"FR","20811","YSF France","LH  Hoseline  Wiki"
"FR","20821","Corsica","LH  Hoseline  Wiki"
"FR","20853","France - Mayenne","LH  Hoseline  Wiki"
"FR","20859","Les amis du Nord","LH  Hoseline  Wiki"
"FR","20869","Lyon Rhone-Alpes","LH  Hoseline  Wiki"
"FR","20883","Departement du Var","LH  Hoseline  Wiki"
"FR","208003","Room Fontenay","LH  Hoseline  Wiki"
"FR","208647","Reunion Island","LH  Hoseline  Wiki"
"FR","208911","RPT St Amand JO10RK","LH  Hoseline  Wiki"
"FR","208921","RPT Dijon JN27mh","LH  Hoseline  Wiki"
"FR","208963","RPT Capelle L.G. JO11ea","LH  Hoseline  Wiki"
"FR","2080332","France/DCS033C 16","LH  Hoseline  Wiki"
"FR","2080673","France/XRF067C 17","LH  Hoseline  Wiki"
"GB","235","United Kingdom","LH  Hoseline  Wiki"
"GB","2350","United Kingdom 4400","LH  Hoseline  Wiki"
"GB","2351","Chat","LH  Hoseline  Wiki"
"GB","2352","Chat","LH  Hoseline  Wiki"
"GB","2353","Chat","LH  Hoseline  Wiki"
"GB","2354","Ireland","LH  Hoseline  Wiki"
"GB","2355","Scotland","LH  Hoseline  Wiki"
"GB","2357","Wales","LH  Hoseline  Wiki"
"GB","23500","S.West","LH  Hoseline  Wiki"
"GB","23510","S.East","LH  Hoseline  Wiki"
"GB","23520","N.West","LH  Hoseline  Wiki"
"GB","23540","Ireland Chat","LH  Hoseline  Wiki"
"GB","23550","Scotland Chat","LH  Hoseline  Wiki"
"GB","23560","North East","LH  Hoseline  Wiki"
"GB","23562","M62 Corridor","LH  Hoseline  Wiki"
"GB","23570","Wales Chat","LH  Hoseline  Wiki"
"GB","23580","Midlands","LH  Hoseline  Wiki"
"GB","23590","East Midlands","LH  Hoseline  Wiki"
"GR","202","Διεθνές Ελλάδα","LH  Hoseline  Wiki"
"GR","2021","Περιοχή 1 Εθνική","LH  Hoseline  Wiki"
"GR","2022","Περιοχή 2 Εθνική","LH  Hoseline  Wiki"
"GR","2023","Περιοχή 3 Εθνική","LH  Hoseline  Wiki"
"GR","2024","Περιοχή 4 Εθνική","LH  Hoseline  Wiki"
"GR","2025","Περιοχή 5 Εθνική","LH  Hoseline  Wiki"
"GR","2026","Περιοχή 6 Εθνική","LH  Hoseline  Wiki"
"GR","2027","Περιοχή 7 Εθνική","LH  Hoseline  Wiki"
"GR","2028","Περιοχή 8 Εθνική","LH  Hoseline  Wiki"
"GR","2029","Περιοχή 9 Εθνική","LH  Hoseline  Wiki"
"GR","20201","Hellenic Tech 1","LH  Hoseline  Wiki"
"GR","20202","Hellenic Tech 2","LH  Hoseline  Wiki"
"GR","20203","Hellenic Echolink Bridge","LH  Hoseline  Wiki"
"GR","20206","XLX145/DStar","LH  Hoseline  Wiki"
"GR","20208","YSF202 Greece","LH  Hoseline  Wiki"
"GR","202011","DV4 Chat","LH  Hoseline  Wiki"
"GR","202012","DMO Chat","LH  Hoseline  Wiki"
"GR","202030","Greek QSO net","LH  Hoseline  Wiki"
"GR","202199","HAREN","LH  Hoseline  Wiki"
"GT","704","Guatemala","LH  Hoseline  Wiki"
"GT","70403","Guatemala Evento Especial","LH  Hoseline  Wiki"
"GT","70404","Guatemala Area 4","LH  Hoseline  Wiki"
"GT","70405","Guatemala Area 5","LH  Hoseline  Wiki"
"GT","70406","Guatemala Area 6","LH  Hoseline  Wiki"
"GT","70407","Guatemala Area 7","LH  Hoseline  Wiki"
"GT","70408","Guatemala Area 8","LH  Hoseline  Wiki"
"GT","70409","Guatemala Area 9","LH  Hoseline  Wiki"
"HK","454","Hong Kong","LH  Hoseline  Wiki"
"HR","219","Croatia Nacionalna","LH  Hoseline  Wiki"
"HT","372","Haiti","LH  Hoseline  Wiki"
"HU","216","Hungary","LH  Hoseline  Wiki"
"HU","2161","Hungary East","LH  Hoseline  Wiki"
"HU","2162","Hungary West","LH  Hoseline  Wiki"
"HU","2163","Hungary North","LH  Hoseline  Wiki"
"HU","2164","Hungary South","LH  Hoseline  Wiki"
"HU","2165","Hungary Test","LH  Hoseline  Wiki"
"HU","2169","Local repeater","LH  Hoseline  Wiki"
"IE","272","Ireland","LH  Hoseline  Wiki"
"IE","2722","IE Calling","LH  Hoseline  Wiki"
"IE","2723","IE Chat","LH  Hoseline  Wiki"
"IE","2724","Bridge to YSF-IE","LH  Hoseline  Wiki"
"IE","2729","AREN Tactical","LH  Hoseline  Wiki"
"IE","27230","AREN logistics","LH  Hoseline  Wiki"
"IL","425","Israel","LH  Hoseline  Wiki"
"IN","404","India","LH  Hoseline  Wiki"
"IN","40430","New Delhi","LH  Hoseline  Wiki"
"IT","222","Italia","LH  Hoseline  Wiki"
"IT","22201","Lazio","LH  Hoseline  Wiki"
"IT","22202","Sardegna","LH  Hoseline  Wiki"
"IT","22203","Umbria","LH  Hoseline  Wiki"
"IT","22211","Liguria","LH  Hoseline  Wiki"
"IT","22212","Piemonte","LH  Hoseline  Wiki"
"IT","22213","Valle d’Aosta","LH  Hoseline  Wiki"
"IT","22221","Lombardia","LH  Hoseline  Wiki"
"IT","22231","Friuli Venezia Giulia","LH  Hoseline  Wiki"
"IT","22232","Trentino Alto Adige","LH  Hoseline  Wiki"
"IT","22233","Veneto","LH  Hoseline  Wiki"
"IT","22241","Emilia Romagna","LH  Hoseline  Wiki"
"IT","22251","Toscana","LH  Hoseline  Wiki"
"IT","22261","Abruzzo","LH  Hoseline  Wiki"
"IT","22262","Marche","LH  Hoseline  Wiki"
"IT","22271","Puglia","LH  Hoseline  Wiki"
"IT","22281","Basilicata","LH  Hoseline  Wiki"
"IT","22282","Calabria","LH  Hoseline  Wiki"
"IT","22283","Campania","LH  Hoseline  Wiki"
"IT","22284","Molise","LH  Hoseline  Wiki"
"IT","22291","Sicilia","LH  Hoseline  Wiki"
"IT","22292","Dstar ITALY","LH  Hoseline  Wiki"
"IT","22298","Wires-X ITALY-NORD","LH  Hoseline  Wiki"
"IT","22299","WIRESX-Room-ITA","LH  Hoseline  Wiki"
"IT","222001","TAC1-ITA","LH  Hoseline  Wiki"
"IT","222002","TAC2-ITA","LH  Hoseline  Wiki"
"IT","222003","TAC3-ITA","LH  Hoseline  Wiki"
"IT","222004","TAC4-ITA","LH  Hoseline  Wiki"
"IT","222005","TAC5-ITA","LH  Hoseline  Wiki"
"IT","222006","TAC6-ITA","LH  Hoseline  Wiki"
"IT","222007","TAC7-ITA","LH  Hoseline  Wiki"
"IT","222008","TAC8-ITA","LH  Hoseline  Wiki"
"IT","222009","TAC9-ITA","LH  Hoseline  Wiki"
"IT","222010","TAC10-ITA","LH  Hoseline  Wiki"
"IT","222112","Emergenza-112","LH  Hoseline  Wiki"
"IT","222113","Emergenza-113","LH  Hoseline  Wiki"
"IT","222990","Special Activation","LH  Hoseline  Wiki"
"JP","440","Japan","LH  Hoseline  Wiki"
"JP","44155","shounanYSF","LH  Hoseline  Wiki"
"KR","450","South Korea","LH  Hoseline  Wiki"
"LC","358","Saint Lucia","LH  Hoseline  Wiki"
"LC","3581","Castries","LH  Hoseline  Wiki"
"LC","3582","VieuX Fort","LH  Hoseline  Wiki"
"LU","270","Luxembourg","LH  Hoseline  Wiki"
"LU","2701","Luxembourg South","LH  Hoseline  Wiki"
"LU","2702","Luxembourg North","LH  Hoseline  Wiki"
"LU","2703","Luxembourg Center","LH  Hoseline  Wiki"
"LU","2707","LX Laru","LH  Hoseline  Wiki"
"MD","259","Moldova","LH  Hoseline  Wiki"
"ME","297","Montenegro","LH  Hoseline  Wiki"
"MX","334","XE","LH  Hoseline  Wiki"
"MX","3341","XE 1","LH  Hoseline  Wiki"
"MX","3342","XE 2","LH  Hoseline  Wiki"
"MX","3343","XE 3","LH  Hoseline  Wiki"
"MY","502","Malaysia National","LH  Hoseline  Wiki"
"MY","5021","West Malaysia","LH  Hoseline  Wiki"
"MY","5022","East Malaysia","LH  Hoseline  Wiki"
"MY","50210","MY Wires-X YSF Bridge","LH  Hoseline  Wiki"
"NL","204","Nederland","LH  Hoseline  Wiki"
"NL","2041","Noord Nederland","LH  Hoseline  Wiki"
"NL","2042","Midden Nederland","LH  Hoseline  Wiki"
"NL","2043","Zuid Nederland","LH  Hoseline  Wiki"
"NL","2044","Oost Nederland","LH  Hoseline  Wiki"
"NL","2045","Nederland Techtalk","LH  Hoseline  Wiki"
"NL","20401","Wires-X Hobbyscoop","LH  Hoseline  Wiki"
"NL","20421","Regio Keistad","LH  Hoseline  Wiki"
"NL","20441","Regio IJsselmond","LH  Hoseline  Wiki"
"NL","20494","YSF444","LH  Hoseline  Wiki"
"NL","2049125","PI2NOS","LH  Hoseline  Wiki"
"NL","2049881","XRF088 A","LH  Hoseline  Wiki"
"NL","2049882","XRF088 B","LH  Hoseline  Wiki"
"NO","242","Norway","LH  Hoseline  Wiki"
"NZ","53099","XLX750","LH  Hoseline  Wiki"
"NZ","530999","XLX626A&YSF","LH  Hoseline  Wiki"
"PA","714","Panama","LH  Hoseline  Wiki"
"PA","7141","Panama City","LH  Hoseline  Wiki"
"PA","7142","Colon","LH  Hoseline  Wiki"
"PA","7143","wires-x fusion link","LH  Hoseline  Wiki"
"PH","515","Philippines","LH  Hoseline  Wiki"
"PL","260","Poland","LH  Hoseline  Wiki"
"PL","26040","Poland Tech","LH  Hoseline  Wiki"
"PT","268","Portugal","LH  Hoseline  Wiki"
"PT","2681","North","LH  Hoseline  Wiki"
"PT","2682","Center","LH  Hoseline  Wiki"
"PT","2683","Capital","LH  Hoseline  Wiki"
"PT","2684","Alentejo","LH  Hoseline  Wiki"
"PT","2685","Algarve","LH  Hoseline  Wiki"
"PT","2686","Azores","LH  Hoseline  Wiki"
"PT","2687","Madeira Is.","LH  Hoseline  Wiki"
"PT","268901","Oporto group","LH  Hoseline  Wiki"
"PT","268902","R. A. T. A.","LH  Hoseline  Wiki"
"PT","268903","ARAT Club","LH  Hoseline  Wiki"
"PT","268911","PT Hotspot(1)","LH  Hoseline  Wiki"
"PT","268912","PT DSTARDMR","LH  Hoseline  Wiki"
"PT","268913","PT DMRFusion","LH  Hoseline  Wiki"
"PT","268914","PT DMRCS5LART","LH  Hoseline  Wiki"
"PT","268915","PT Hotspot(2)","LH  Hoseline  Wiki"
"PT","268940","XRF040 A","LH  Hoseline  Wiki"
"PT","268941","XRF040 B","LH  Hoseline  Wiki"
"PT","268942","XRF789 B","LH  Hoseline  Wiki"
"PT","268945","XLX766 D","LH  Hoseline  Wiki"
"PT","268950","XLX950 E","LH  Hoseline  Wiki"
"RE","647647","Reunion Island","LH  Hoseline  Wiki"
"RO","226","Romania","LH  Hoseline  Wiki"
"RO","2260","Cafe Gratis TG","LH  Hoseline  Wiki"
"RO","2262","District YO2","LH  Hoseline  Wiki"
"RO","2263","District YO3","LH  Hoseline  Wiki"
"RO","2264","District YO4","LH  Hoseline  Wiki"
"RO","2265","District YO5","LH  Hoseline  Wiki"
"RO","2266","District YO6","LH  Hoseline  Wiki"
"RO","2267","District YO7","LH  Hoseline  Wiki"
"RO","2268","District YO8","LH  Hoseline  Wiki"
"RO","2269","District YO9","LH  Hoseline  Wiki"
"RO","22603","Gate to ROLINK","LH  Hoseline  Wiki"
"RO","226112","YO EMCOMM 112","LH  Hoseline  Wiki"
"RO","226123","YO QSO PARTY","LH  Hoseline  Wiki"
"RS","220","Serbia","LH  Hoseline  Wiki"
"RU","2501","Russia Global","LH  Hoseline  Wiki"
"RU","2502","XRF250A Bridge","LH  Hoseline  Wiki"
"RU","2503","DSTAR-SU / 24009 (WIRES-X)","LH  Hoseline  Wiki"
"RU","250112","Radio Amateur Rescue Service","LH  Hoseline  Wiki"
"RU","250629","Russia / Orel","LH  Hoseline  Wiki"
"RU","250630","Russia / Sergiev Posad","LH  Hoseline  Wiki"
"RU","250631","Russia / Uglich","LH  Hoseline  Wiki"
"RU","250632","Russia / Syberia and Far East","LH  Hoseline  Wiki"
"RU","250633","Russia / Ufa","LH  Hoseline  Wiki"
"RU","250634","Russia / Kurganinsk","LH  Hoseline  Wiki"
"SE","240","Sweden","LH  Hoseline  Wiki"
"SE","2400","Regional SM0","LH  Hoseline  Wiki"
"SE","2401","Regional SM1","LH  Hoseline  Wiki"
"SE","2402","Regional SM2","LH  Hoseline  Wiki"
"SE","2403","Regional SM3","LH  Hoseline  Wiki"
"SE","2404","Regional SM4","LH  Hoseline  Wiki"
"SE","2405","Regional SM5","LH  Hoseline  Wiki"
"SE","2406","Regional SM6","LH  Hoseline  Wiki"
"SE","2407","Regional SM7","LH  Hoseline  Wiki"
"SE","2411","SM Tactical","LH  Hoseline  Wiki"
"SE","2415","XRF699N/YSF699","LH  Hoseline  Wiki"
"SE","24098","Robust Packet Network XLX147","LH  Hoseline  Wiki"
"SG","525","Singapore","LH  Hoseline  Wiki"
"SK","231","Slovak","LH  Hoseline  Wiki"
"SK","2311","Slovakia","LH  Hoseline  Wiki"
"SM","292","San Marino","LH  Hoseline  Wiki"
"TH","520","Thailand","LH  Hoseline  Wiki"
"TR","286","Turkey","LH  Hoseline  Wiki"
"TR","2860","Istanbul","LH  Hoseline  Wiki"
"TT","374","Trinidad / Tobago","LH  Hoseline  Wiki"
"TT","3740","REACT","LH  Hoseline  Wiki"
"TT","3741","Woodbrook","LH  Hoseline  Wiki"
"TT","3742","Port of Spain","LH  Hoseline  Wiki"
"TT","3743","San Fernando","LH  Hoseline  Wiki"
"TT","3744","Tobago","LH  Hoseline  Wiki"
"TW","46600","Taiwan 全","LH  Hoseline  Wiki"
"TW","46609","HAMTalk Club","LH  Hoseline  Wiki"
"TW","46610","Taiwan CTARL","LH  Hoseline  Wiki"
"UA","255","Ukraine","LH  Hoseline  Wiki"
"UA","2555","Ukraine bridge DMR D-STAR YSF","LH  Hoseline  Wiki"
"UA","2559","Emergency Ukraine","LH  Hoseline  Wiki"
"UA","25501","Kyiv city","LH  Hoseline  Wiki"
"UA","25502","Vinnyts`ka obl","LH  Hoseline  Wiki"
"UA","25503","Volyns`ka obl","LH  Hoseline  Wiki"
"UA","25504","Dnirpo obl","LH  Hoseline  Wiki"
"UA","25505","Donets`ka obl","LH  Hoseline  Wiki"
"UA","25506","Zhytomyrs`ka obl","LH  Hoseline  Wiki"
"UA","25507","Zakarpats`ka obl","LH  Hoseline  Wiki"
"UA","25508","Zaporiz`ka obl","LH  Hoseline  Wiki"
"UA","25509","Ivano frankivs`ka obl","LH  Hoseline  Wiki"
"UA","25510","Kyivs`ka obl","LH  Hoseline  Wiki"
"UA","25511","Crimea","LH  Hoseline  Wiki"
"UA","25512","Kropyvnyts`kyj obl","LH  Hoseline  Wiki"
"UA","25513","Lugans`ka obl","LH  Hoseline  Wiki"
"UA","25514","Lvivs`ka obl","LH  Hoseline  Wiki"
"UA","25515","Mykolaivs`ka obl","LH  Hoseline  Wiki"
"UA","25516","Odes`ka obl","LH  Hoseline  Wiki"
"UA","25517","Poltavs`ka obl","LH  Hoseline  Wiki"
"UA","25518","Rivnens`ka obl","LH  Hoseline  Wiki"
"UA","25519","Sums`ka obl","LH  Hoseline  Wiki"
"UA","25520","Ternopils`ka obl","LH  Hoseline  Wiki"
"UA","25521","Kharkivs`ka obl","LH  Hoseline  Wiki"
"UA","25522","Khersons`ka obl","LH  Hoseline  Wiki"
"UA","25523","Khmel`nyts`ka obl","LH  Hoseline  Wiki"
"UA","25524","Cherkas`ka obl","LH  Hoseline  Wiki"
"UA","25525","Chernigivs`ka obl","LH  Hoseline  Wiki"
"UA","25526","Chernivets`ka obl","LH  Hoseline  Wiki"
"UA","25527","Sevastopol","LH  Hoseline  Wiki"
"UA","25599","Emergency Zakarpattia","LH  Hoseline  Wiki"
"US","310","TAC-310 USA","LH  Hoseline  Wiki"
"US","311","TAC-311 USA","LH  Hoseline  Wiki"
"US","312","TAC-312 USA","LH  Hoseline  Wiki"
"US","313","TAC 313 USA","LH  Hoseline  Wiki"
"US","314","TAC 314 USA","LH  Hoseline  Wiki"
"US","315","TAC 315 USA","LH  Hoseline  Wiki"
"US","316","TAC 316 USA","LH  Hoseline  Wiki"
"US","317","TAC 317 USA","LH  Hoseline  Wiki"
"US","318","TAC 318 USA","LH  Hoseline  Wiki"
"US","319","TAC 319 USA","LH  Hoseline  Wiki"
"US","3100","USA - Nationwide (Bridge)","LH  Hoseline  Wiki"
"US","3101","Alabama","LH  Hoseline  Wiki"
"US","3102","Alaska","LH  Hoseline  Wiki"
"US","3104","Arizona","LH  Hoseline  Wiki"
"US","3105","Arkansas","LH  Hoseline  Wiki"
"US","3106","California","LH  Hoseline  Wiki"
"US","3108","Colorado","LH  Hoseline  Wiki"
"US","3109","Connecticut","LH  Hoseline  Wiki"
"US","3110","Delaware","LH  Hoseline  Wiki"
"US","3111","D.C.","LH  Hoseline  Wiki"
"US","3112","Florida","LH  Hoseline  Wiki"
"US","3113","Georgia","LH  Hoseline  Wiki"
"US","3115","Hawaii","LH  Hoseline  Wiki"
"US","3116","Idaho","LH  Hoseline  Wiki"
"US","3117","Illinois","LH  Hoseline  Wiki"
"US","3118","Indiana","LH  Hoseline  Wiki"
"US","3119","Iowa","LH  Hoseline  Wiki"
"US","3120","Kansas","LH  Hoseline  Wiki"
"US","3121","Kentucky","LH  Hoseline  Wiki"
"US","3122","Louisiana","LH  Hoseline  Wiki"
"US","3123","Maine","LH  Hoseline  Wiki"
"US","3124","Maryland","LH  Hoseline  Wiki"
"US","3125","Massachusetts","LH  Hoseline  Wiki"
"US","3126","Michigan","LH  Hoseline  Wiki"
"US","3127","Minnesota","LH  Hoseline  Wiki"
"US","3128","Mississippi","LH  Hoseline  Wiki"
"US","3129","Missouri","LH  Hoseline  Wiki"
"US","3130","Montana","LH  Hoseline  Wiki"
"US","3131","Nebraska","LH  Hoseline  Wiki"
"US","3132","Nevada","LH  Hoseline  Wiki"
"US","3133","New Hampshire","LH  Hoseline  Wiki"
"US","3134","New Jersey","LH  Hoseline  Wiki"
"US","3135","New Mexico","LH  Hoseline  Wiki"
"US","3136","New York","LH  Hoseline  Wiki"
"US","3137","North Carolina","LH  Hoseline  Wiki"
"US","3138","North Dakota","LH  Hoseline  Wiki"
"US","3139","Ohio","LH  Hoseline  Wiki"
"US","3140","Oklahoma","LH  Hoseline  Wiki"
"US","3141","Oregon","LH  Hoseline  Wiki"
"US","3142","Pennsylvania","LH  Hoseline  Wiki"
"US","3144","Rhode Island","LH  Hoseline  Wiki"
"US","3145","South Carolina","LH  Hoseline  Wiki"
"US","3146","South Dakota","LH  Hoseline  Wiki"
"US","3147","Tennessee","LH  Hoseline  Wiki"
"US","3148","Texas","LH  Hoseline  Wiki"
"US","3149","Utah","LH  Hoseline  Wiki"
"US","3150","Vermont","LH  Hoseline  Wiki"
"US","3151","Virginia","LH  Hoseline  Wiki"
"US","3153","Washington","LH  Hoseline  Wiki"
"US","3154","West Virginia","LH  Hoseline  Wiki"
"US","3155","Wisconsin","LH  Hoseline  Wiki"
"US","3156","Wyoming","LH  Hoseline  Wiki"
"US","3160","310 Admins","LH  Hoseline  Wiki"
"US","3166","DVSwitch","LH  Hoseline  Wiki"
"US","3167","Allstar","LH  Hoseline  Wiki"
"US","3169","Midwest","LH  Hoseline  Wiki"
"US","3171","NoCo","LH  Hoseline  Wiki"
"US","3172","Northeast","LH  Hoseline  Wiki"
"US","3173","Mid-Atlantic","LH  Hoseline  Wiki"
"US","3174","Southeast","LH  Hoseline  Wiki"
"US","3175","Southern Plains","LH  Hoseline  Wiki"
"US","3176","Southwest","LH  Hoseline  Wiki"
"US","3177","Mountain","LH  Hoseline  Wiki"
"US","3185","CACTUS","LH  Hoseline  Wiki"
"US","3190","NorPA","LH  Hoseline  Wiki"
"US","3199","Hurricane Net","LH  Hoseline  Wiki"
"US","31000","Parrot (Group Call)","LH  Hoseline  Wiki"
"US","31010","Alabama Link","LH  Hoseline  Wiki"
"US","31011","Gulf Coast DMR","LH  Hoseline  Wiki"
"US","31012","QuadNet-BM","LH  Hoseline  Wiki"
"US","31013","ALERT-K4NWS","LH  Hoseline  Wiki"
"US","31014","HSV","LH  Hoseline  Wiki"
"US","31015","Central Alabama","LH  Hoseline  Wiki"
"US","31051","ARWX","LH  Hoseline  Wiki"
"US","31059","E.A.R.S.","LH  Hoseline  Wiki"
"US","31060","PVARC","LH  Hoseline  Wiki"
"US","31061","Cal 1","LH  Hoseline  Wiki"
"US","31062","Mountain West","LH  Hoseline  Wiki"
"US","31064","Santa Clara County","LH  Hoseline  Wiki"
"US","31065","NorCal AllStar","LH  Hoseline  Wiki"
"US","31066","SoCal","LH  Hoseline  Wiki"
"US","31067","SoCal 1","LH  Hoseline  Wiki"
"US","31068","NorCal","LH  Hoseline  Wiki"
"US","31069","NorCal 1","LH  Hoseline  Wiki"
"US","31070","VCDRC","LH  Hoseline  Wiki"
"US","31071","VCDRC 2","LH  Hoseline  Wiki"
"US","31073","SBARC","LH  Hoseline  Wiki"
"US","31075","BayNet","LH  Hoseline  Wiki"
"US","31076","CDM","LH  Hoseline  Wiki"
"US","31077","PAPA DMR","LH  Hoseline  Wiki"
"US","31078","XLX013D PAPA","LH  Hoseline  Wiki"
"US","31079","Alert Radio","LH  Hoseline  Wiki"
"US","31080","Colorado Chat","LH  Hoseline  Wiki"
"US","31081","Park County Colorado","LH  Hoseline  Wiki"
"US","31082","Colorado-Link","LH  Hoseline  Wiki"
"US","31083","CO Severe WX","LH  Hoseline  Wiki"
"US","31084","NOCO Mountain FR","LH  Hoseline  Wiki"
"US","31087","IRG Colorado","LH  Hoseline  Wiki"
"US","31088","Colorado HD","LH  Hoseline  Wiki"
"US","31089","Hytera USA","LH  Hoseline  Wiki"
"US","31090","USA - Area 0 4640","LH  Hoseline  Wiki"
"US","31091","USA - Area 1 4641","LH  Hoseline  Wiki"
"US","31092","USA - Area 2 4642","LH  Hoseline  Wiki"
"US","31093","USA - Area 3 4643","LH  Hoseline  Wiki"
"US","31094","USA - Area 4 4644","LH  Hoseline  Wiki"
"US","31095","USA - Area 5 4645","LH  Hoseline  Wiki"
"US","31096","USA - Area 6 4646","LH  Hoseline  Wiki"
"US","31097","USA - Area 7 4647","LH  Hoseline  Wiki"
"US","31098","USA - Area 8 4648","LH  Hoseline  Wiki"
"US","31099","USA - Area 9 4649","LH  Hoseline  Wiki"
"US","31120","TAC- Florida","LH  Hoseline  Wiki"
"US","31121","First Coast DMR","LH  Hoseline  Wiki"
"US","31122","WC Florida","LH  Hoseline  Wiki"
"US","31123","Treasure Coast","LH  Hoseline  Wiki"
"US","31124","South-East-Florida","LH  Hoseline  Wiki"
"US","31128","NE FL ARES","LH  Hoseline  Wiki"
"US","31129","Orlando","LH  Hoseline  Wiki"
"US","31131","Atlanta Metro","LH  Hoseline  Wiki"
"US","31150","Hawaii 2","LH  Hoseline  Wiki"
"US","31151","Maui County","LH  Hoseline  Wiki"
"US","31152","Honolulu County","LH  Hoseline  Wiki"
"US","31153","Hawaii County","LH  Hoseline  Wiki"
"US","31154","Kauai County","LH  Hoseline  Wiki"
"US","31158","HMASN","LH  Hoseline  Wiki"
"US","31160","ARES Idaho","LH  Hoseline  Wiki"
"US","31161","ARES ID N","LH  Hoseline  Wiki"
"US","31162","ARES ID CENTRAL","LH  Hoseline  Wiki"
"US","31164","ARES ID SE","LH  Hoseline  Wiki"
"US","31165","ARES ID SW","LH  Hoseline  Wiki"
"US","31166","TC ID ARES","LH  Hoseline  Wiki"
"US","31171","IL-Fusion","LH  Hoseline  Wiki"
"US","31172","CHI-NET","LH  Hoseline  Wiki"
"US","31173","N Ill EComm","LH  Hoseline  Wiki"
"US","31174","ECntrl Ill WxOps","LH  Hoseline  Wiki"
"US","31175","NA Astronomy","LH  Hoseline  Wiki"
"US","31176","Chi Metro","LH  Hoseline  Wiki"
"US","31177","East Central IL","LH  Hoseline  Wiki"
"US","31178","WXCTAC","LH  Hoseline  Wiki"
"US","31179","Cnt IL Wires-X","LH  Hoseline  Wiki"
"US","31180","Indiana TAC","LH  Hoseline  Wiki"
"US","31181","Indiana Link","LH  Hoseline  Wiki"
"US","31182","WA9RN Operations","LH  Hoseline  Wiki"
"US","31183","Indiana WX Ops","LH  Hoseline  Wiki"
"US","31189","Crossroads Statewide","LH  Hoseline  Wiki"
"US","31190","Iowa Chat","LH  Hoseline  Wiki"
"US","31191","IA DSM 1","LH  Hoseline  Wiki"
"US","31192","IA ALO 2","LH  Hoseline  Wiki"
"US","31193","IA NW 3","LH  Hoseline  Wiki"
"US","31194","IA SW 4","LH  Hoseline  Wiki"
"US","31195","IA SE 5","LH  Hoseline  Wiki"
"US","31196","IA CID 6","LH  Hoseline  Wiki"
"US","31198","NWS DVN","LH  Hoseline  Wiki"
"US","31199","NWS DMX/SEOC","LH  Hoseline  Wiki"
"US","31200","Ks Sw ARES","LH  Hoseline  Wiki"
"US","31201","BYRG","LH  Hoseline  Wiki"
"US","31202","BYRG 2","LH  Hoseline  Wiki"
"US","31203","KansasLink","LH  Hoseline  Wiki"
"US","31204","CKRG","LH  Hoseline  Wiki"
"US","31205","KC Skywarn","LH  Hoseline  Wiki"
"US","31206","Cen Ks Skywarn","LH  Hoseline  Wiki"
"US","31207","QRM Chat Room","LH  Hoseline  Wiki"
"US","31208","WY CO RACES","LH  Hoseline  Wiki"
"US","31209","WY CO CERT","LH  Hoseline  Wiki"
"US","31210","XRF210 D","LH  Hoseline  Wiki"
"US","31211","KY ARES Statewide","LH  Hoseline  Wiki"
"US","31212","NE KY WX Spotters","LH  Hoseline  Wiki"
"US","31220","Louisiana Chat","LH  Hoseline  Wiki"
"US","31229","ArkLaTex","LH  Hoseline  Wiki"
"US","31241","XRF336 C","LH  Hoseline  Wiki"
"US","31242","MD TAC","LH  Hoseline  Wiki"
"US","31254","XRF054 C","LH  Hoseline  Wiki"
"US","31261","Mi5-STATEWIDE1","LH  Hoseline  Wiki"
"US","31262","Mi5-STATEWIDE2","LH  Hoseline  Wiki"
"US","31263","Mi5-EVENT1","LH  Hoseline  Wiki"
"US","31264","Michigan DRG","LH  Hoseline  Wiki"
"US","31265","Mi5-EVENT3","LH  Hoseline  Wiki"
"US","31266","RADAR","LH  Hoseline  Wiki"
"US","31268","UP of Michigan","LH  Hoseline  Wiki"
"US","31269","WMTG","LH  Hoseline  Wiki"
"US","31274","AARG","LH  Hoseline  Wiki"
"US","31281","XRF813 A","LH  Hoseline  Wiki"
"US","31290","Missouri ARES","LH  Hoseline  Wiki"
"US","31291","SWMO","LH  Hoseline  Wiki"
"US","31292","STL Metro","LH  Hoseline  Wiki"
"US","31293","Branson Area","LH  Hoseline  Wiki"
"US","31294","NW Missouri","LH  Hoseline  Wiki"
"US","31295","SE Missouri","LH  Hoseline  Wiki"
"US","31297","SW MO SkyWarn","LH  Hoseline  Wiki"
"US","31298","KCN ARES","LH  Hoseline  Wiki"
"US","31299","CASS County ARES","LH  Hoseline  Wiki"
"US","31300","Montana Chat","LH  Hoseline  Wiki"
"US","31301","MPRG","LH  Hoseline  Wiki"
"US","31302","MPRG 2","LH  Hoseline  Wiki"
"US","31303","BGV","LH  Hoseline  Wiki"
"US","31304","NW7RG-USA","LH  Hoseline  Wiki"
"US","31319","Nebraska Chat","LH  Hoseline  Wiki"
"US","31321","Nevada 1","LH  Hoseline  Wiki"
"US","31322","VOAD","LH  Hoseline  Wiki"
"US","31323","ENARS","LH  Hoseline  Wiki"
"US","31325","HXO","LH  Hoseline  Wiki"
"US","31327","Las Vegas","LH  Hoseline  Wiki"
"US","31328","SNARS (Reno/Tahoe)","LH  Hoseline  Wiki"
"US","31329","SNARS 2","LH  Hoseline  Wiki"
"US","31340","NJPAAsterisk","LH  Hoseline  Wiki"
"US","31341","South Jersey","LH  Hoseline  Wiki"
"US","31342","North Jersey","LH  Hoseline  Wiki"
"US","31349","N2MO OMARC","LH  Hoseline  Wiki"
"US","31360","NY-NJ-PA TriState","LH  Hoseline  Wiki"
"US","31361","Upstate NY","LH  Hoseline  Wiki"
"US","31362","NY-Metro","LH  Hoseline  Wiki"
"US","31363","ADK","LH  Hoseline  Wiki"
"US","31364","Lower Hudson Valley","LH  Hoseline  Wiki"
"US","31365","K2MAK","LH  Hoseline  Wiki"
"US","31366","NY METRO ARES","LH  Hoseline  Wiki"
"US","31367","Southern Tier NY","LH  Hoseline  Wiki"
"US","31368","Mid-Hudson Valley","LH  Hoseline  Wiki"
"US","31369","Rochester","LH  Hoseline  Wiki"
"US","31371","Triangle, NC","LH  Hoseline  Wiki"
"US","31373","Eastern NC","LH  Hoseline  Wiki"
"US","31374","Carolina Link","LH  Hoseline  Wiki"
"US","31375","The Hornet's Nest","LH  Hoseline  Wiki"
"US","31390","Ohio TAC","LH  Hoseline  Wiki"
"US","31391","NorthEast Ohio","LH  Hoseline  Wiki"
"US","31399","Ohio-Link-YSF","LH  Hoseline  Wiki"
"US","31400","OK TAC","LH  Hoseline  Wiki"
"US","31401","OK1-Central","LH  Hoseline  Wiki"
"US","31410","Oregon TAC","LH  Hoseline  Wiki"
"US","31419","RepeaterBook","LH  Hoseline  Wiki"
"US","31420","PEMA ACS","LH  Hoseline  Wiki"
"US","31421","PA Tac","LH  Hoseline  Wiki"
"US","31422","Western PA","LH  Hoseline  Wiki"
"US","31423","North-Central PA","LH  Hoseline  Wiki"
"US","31424","North East PA","LH  Hoseline  Wiki"
"US","31427","Tri-County","LH  Hoseline  Wiki"
"US","31428","RF-IT","LH  Hoseline  Wiki"
"US","31429","Zednet","LH  Hoseline  Wiki"
"US","31441","Rhode Island Chat","LH  Hoseline  Wiki"
"US","31444","Rhode Island Digital Link","LH  Hoseline  Wiki"
"US","31450","SC ARES","LH  Hoseline  Wiki"
"US","31456","Low Country","LH  Hoseline  Wiki"
"US","31457","Upstate","LH  Hoseline  Wiki"
"US","31458","Midlands","LH  Hoseline  Wiki"
"US","31459","Pee Dee, SC","LH  Hoseline  Wiki"
"US","31470","Mid-South Chat","LH  Hoseline  Wiki"
"US","31471","NWS Memphis","LH  Hoseline  Wiki"
"US","31472","NWS-Skywarn","LH  Hoseline  Wiki"
"US","31473","Knox-Metro area","LH  Hoseline  Wiki"
"US","31474","Fusion-Link","LH  Hoseline  Wiki"
"US","31477","Gatlinburg","LH  Hoseline  Wiki"
"US","31479","The Light","LH  Hoseline  Wiki"
"US","31480","TX Chat","LH  Hoseline  Wiki"
"US","31481","North Texas","LH  Hoseline  Wiki"
"US","31482","South Texas","LH  Hoseline  Wiki"
"US","31483","West Texas","LH  Hoseline  Wiki"
"US","31484","SouthEast Texas","LH  Hoseline  Wiki"
"US","31485","Amarillo wires-x","LH  Hoseline  Wiki"
"US","31488","Texas-Nexus","LH  Hoseline  Wiki"
"US","31489","DMR Track","LH  Hoseline  Wiki"
"US","31491","Northern Utah","LH  Hoseline  Wiki"
"US","31512","Virginia ARES","LH  Hoseline  Wiki"
"US","31513","South West Virginia","LH  Hoseline  Wiki"
"US","31514","Shenandoah Valley","LH  Hoseline  Wiki"
"US","31515","Tidewater VA","LH  Hoseline  Wiki"
"US","31530","PNW-West","LH  Hoseline  Wiki"
"US","31551","WI--Fusion","LH  Hoseline  Wiki"
"US","31555","WI-DMR","LH  Hoseline  Wiki"
"US","31561","Wyoming Tac 1","LH  Hoseline  Wiki"
"US","31562","Wyoming Tac 2","LH  Hoseline  Wiki"
"US","31563","Wyoming Severe WX","LH  Hoseline  Wiki"
"US","31601","North East PA","LH  Hoseline  Wiki"
"US","31619","CRTS","LH  Hoseline  Wiki"
"US","31620","Kings of Digital","LH  Hoseline  Wiki"
"US","31621","Kings of Digital 1","LH  Hoseline  Wiki"
"US","31622","South East FL","LH  Hoseline  Wiki"
"US","31623","Public Safety Chat","LH  Hoseline  Wiki"
"US","31624","Meteor Scatter","LH  Hoseline  Wiki"
"US","31625","Twin Rivers DARG","LH  Hoseline  Wiki"
"US","31629","SWINE","LH  Hoseline  Wiki"
"US","31648","Facebook TG 31648","LH  Hoseline  Wiki"
"US","31650","SDFARC","LH  Hoseline  Wiki"
"US","31651","Drones","LH  Hoseline  Wiki"
"US","31652","'0077'","LH  Hoseline  Wiki"
"US","31660","Ocean County NJ","LH  Hoseline  Wiki"
"US","31661","OMIK","LH  Hoseline  Wiki"
"US","31662","SPARC","LH  Hoseline  Wiki"
"US","31664","Nature Coast","LH  Hoseline  Wiki"
"US","31665","TGIF","LH  Hoseline  Wiki"
"US","31666","DMR of Anarchy","LH  Hoseline  Wiki"
"US","31667","Old Friends","LH  Hoseline  Wiki"
"US","31668","Sta-Mar","LH  Hoseline  Wiki"
"US","31669","Global DX System","LH  Hoseline  Wiki"
"US","31670","Florida Gulf Coast","LH  Hoseline  Wiki"
"US","31671","BRARA-FL","LH  Hoseline  Wiki"
"US","31672","PI-Star Chat","LH  Hoseline  Wiki"
"US","31673","R5AUXCOMM","LH  Hoseline  Wiki"
"US","31674","The Guild","LH  Hoseline  Wiki"
"US","31675","Albany ARES","LH  Hoseline  Wiki"
"US","31676","Allstar 46031/Wires-X","LH  Hoseline  Wiki"
"US","31677","OEI Repeater Group","LH  Hoseline  Wiki"
"US","31678","HSFDG","LH  Hoseline  Wiki"
"US","31679","Geek Group","LH  Hoseline  Wiki"
"US","31691","Wi/la/IL","LH  Hoseline  Wiki"
"US","31697","Russian Americans","LH  Hoseline  Wiki"
"US","31699","Greek Americans","LH  Hoseline  Wiki"
"US","31730","MAWSCoord","LH  Hoseline  Wiki"
"US","31770","RFINDER M1","LH  Hoseline  Wiki"
"US","31771","PNWR","LH  Hoseline  Wiki"
"US","31772","OUTDOOR ADVENTURE GROUP","LH  Hoseline  Wiki"
"US","31773","Geeks in Jeeps","LH  Hoseline  Wiki"
"US","31774","Weather Watching","LH  Hoseline  Wiki"
"US","31775","PINOYHAMS","LH  Hoseline  Wiki"
"US","31777","Mtn West TAC 1","LH  Hoseline  Wiki"
"US","31801","The Gathering Spot","LH  Hoseline  Wiki"
"US","31802","The Chat Lounge","LH  Hoseline  Wiki"
"US","31803","Secret Talk Group","LH  Hoseline  Wiki"
"US","31805","CCDMR","LH  Hoseline  Wiki"
"US","31806","AREC-FUSION","LH  Hoseline  Wiki"
"US","31807","AREC-DSTAR","LH  Hoseline  Wiki"
"US","31808","AREC-WIRES-X","LH  Hoseline  Wiki"
"US","31809","AREC-DSTAR-XREF","LH  Hoseline  Wiki"
"US","31810","AREC-MULTI-P-XLX","LH  Hoseline  Wiki"
"US","31811","PINELLAS-WIRESX","LH  Hoseline  Wiki"
"US","31812","PINELLAS-DSTAR-DCS","LH  Hoseline  Wiki"
"US","31813","PINELLAS-DSTAR-XRF","LH  Hoseline  Wiki"
"US","31814","PINELLAS-MULTI-P-XLX","LH  Hoseline  Wiki"
"US","31888","CoffeeDMR","LH  Hoseline  Wiki"
"US","31990","Handi-Hams","LH  Hoseline  Wiki"
"US","31991","Tornado wx-group","LH  Hoseline  Wiki"
"US","310501","NSX Local","LH  Hoseline  Wiki"
"US","310506","NSX Beta","LH  Hoseline  Wiki"
"US","310604","CARLA","LH  Hoseline  Wiki"
"US","310703","Tri-LERT","LH  Hoseline  Wiki"
"US","310991","PVRA Connecticut","LH  Hoseline  Wiki"
"US","310992","CDRA Connecticut","LH  Hoseline  Wiki"
"US","310997","Parrot","LH  Hoseline  Wiki"
"US","311752","Central IL","LH  Hoseline  Wiki"
"US","312647","W2GLD Local","LH  Hoseline  Wiki"
"US","312656","DARN (Kalamazoo)","LH  Hoseline  Wiki"
"US","313323","GMARS","LH  Hoseline  Wiki"
"US","313324","GMARS 2","LH  Hoseline  Wiki"
"US","313327","LARK","LH  Hoseline  Wiki"
"US","313976","W8SDR Local","LH  Hoseline  Wiki"
"US","314242","SVARC","LH  Hoseline  Wiki"
"US","314401","W1DMR","LH  Hoseline  Wiki"
"US","314706","Mem Metro","LH  Hoseline  Wiki"
"US","314710","314710 Green Top","LH  Hoseline  Wiki"
"US","315409","K8DLT Beckley WV","LH  Hoseline  Wiki"
"US","316272","NASA","LH  Hoseline  Wiki"
"US","316273","JSC","LH  Hoseline  Wiki"
"US","316274","KSC","LH  Hoseline  Wiki"
"UY","748","Uruguay","LH  Hoseline  Wiki"
"UY","74801","Montevideo","LH  Hoseline  Wiki"
"UY","74802","Montevideo","LH  Hoseline  Wiki"
"UY","74803","Artigas","LH  Hoseline  Wiki"
"UY","74804","Canelones","LH  Hoseline  Wiki"
"UY","74805","Cerro Largo","LH  Hoseline  Wiki"
"UY","74806","Colonia","LH  Hoseline  Wiki"
"UY","74807","Durazno","LH  Hoseline  Wiki"
"UY","74808","Flores","LH  Hoseline  Wiki"
"UY","74809","Florida","LH  Hoseline  Wiki"
"UY","74810","Lavalleja","LH  Hoseline  Wiki"
"UY","74811","Maldonado","LH  Hoseline  Wiki"
"UY","74812","Paysandú","LH  Hoseline  Wiki"
"UY","74813","R Negro","LH  Hoseline  Wiki"
"UY","74814","Rivera","LH  Hoseline  Wiki"
"UY","74815","Rocha","LH  Hoseline  Wiki"
"UY","74816","Salto","LH  Hoseline  Wiki"
"UY","74817","San José","LH  Hoseline  Wiki"
"UY","74818","Soriano","LH  Hoseline  Wiki"
"UY","74819","Tacuaremb'","LH  Hoseline  Wiki"
"UY","74820","Treinta y Tres","LH  Hoseline  Wiki"
"UY","74830","CX TAC 1","LH  Hoseline  Wiki"
"UY","74840","CX TAC 2","LH  Hoseline  Wiki"
"VE","734","Venezuela","LH  Hoseline  Wiki"
"ZA","655","South Africa","LH  Hoseline  Wiki"
