{
   "2E": {
      "country": "England",
      "flag_no": "en"
   },
   "2I": {
      "country": "Northern Ireland",
      "flag_no": "nie"
   },
   "2M0": {
      "country": "Scotland",
      "flag_no": "gb-sct"
   },
   "2W": {
      "country": "Wales",
      "flag_no": "wl"
   },
   "3A": {
      "country": "Monaco",
      "flag_no": "mc"
   },
   "3B6": {
      "country": "Agalega & St. Brandon Island",
      "flag_no": "mu"
   },
   "3B7": {
      "country": "Agalega & St. Brandon Island",
      "flag_no": "mu"
   },
   "3B8": {
      "country": "Mauritius",
      "flag_no": "mu"
   },
   "3B9": {
      "country": "Rodriguez Island",
      "flag_no": "mu"
   },
   "3C": {
      "country": "Equatorial Guinea",
      "flag_no": "gq"
   },
   "3C0": {
      "country": "Annobon Island",
      "flag_no": "gq"
   },
   "3D2": {
      "country": "Fiji",
      "flag_no": "fj"
   },
   "3DA": {
      "country": "Swaziland",
      "flag_no": "sz"
   },
   "3V": {
      "country": "Tunisia",
      "flag_no": "tn"
   },
   "3W": {
      "country": "Viet Nam",
      "flag_no": "vn"
   },
   "3X": {
      "country": "Guinea",
      "flag_no": "gn"
   },
   "3Y": {
      "country": "Bouvet Island",
      "flag_no": "bv"
   },
   "3Z6": {
      "country": "Poland",
      "flag_no": "pl"
   },
   "4J": {
      "country": "Azerbaijan",
      "flag_no": "az"
   },
   "4K": {
      "country": "Azerbaijan",
      "flag_no": "az"
   },
   "4L": {
      "country": "Georgia",
      "flag_no": "ge"
   },
   "4M": {
      "country": "Venezuela Bolivarian Republic of",
      "flag_no": "ve"
   },
   "4O": {
      "country": "Montenegro",
      "flag_no": "me"
   },
   "4S": {
      "country": "Sri Lanka",
      "flag_no": "lk"
   },
   "4W": {
      "country": "Timor-Leste",
      "flag_no": "tl"
   },
   "4X": {
      "country": "Israel",
      "flag_no": "il"
   },
   "4Z": {
      "country": "Israel",
      "flag_no": "il"
   },
   "5A": {
      "country": "Libya",
      "flag_no": "ly"
   },
   "5B": {
      "country": "Cyprus",
      "flag_no": "cy"
   },
   "5H": {
      "country": "Tanzania United Republic of",
      "flag_no": "tz"
   },
   "5I": {
      "country": "Tanzania United Republic of",
      "flag_no": "tz"
   },
   "5J": {
      "country": "Colombia",
      "flag_no": "co"
   },
   "5K": {
      "country": "Colombia",
      "flag_no": "co"
   },
   "5N": {
      "country": "Nigeria",
      "flag_no": "ng"
   },
   "5R": {
      "country": "Madagascar",
      "flag_no": "mg"
   },
   "5T": {
      "country": "Mauritania",
      "flag_no": "mr"
   },
   "5U": {
      "country": "Niger",
      "flag_no": "ne"
   },
   "5V": {
      "country": "Togo",
      "flag_no": "tg"
   },
   "5W": {
      "country": "Samoa",
      "flag_no": "ws"
   },
   "5X": {
      "country": "Uganda",
      "flag_no": "ug"
   },
   "5Y": {
      "country": "Kenya",
      "flag_no": "ke"
   },
   "5Z": {
      "country": "Kenya",
      "flag_no": "ke"
   },
   "6K": {
      "country": "Korea Republic of",
      "flag_no": "kr"
   },
   "6L": {
      "country": "Korea Republic of",
      "flag_no": "kr"
   },
   "6M": {
      "country": "Korea Republic of",
      "flag_no": "kr"
   },
   "6N": {
      "country": "Korea Republic of",
      "flag_no": "kr"
   },
   "DT": {
      "country": "Korea Republic of",
      "flag_no": "kr"
   },
   "6O": {
      "country": "Somalia",
      "flag_no": "so"
   },
   "6V": {
      "country": "Senegal",
      "flag_no": "sn"
   },
   "6W": {
      "country": "Senegal",
      "flag_no": "sn"
   },
   "6Y": {
      "country": "Jamaica",
      "flag_no": "jm"
   },
   "7J": {
      "country": "Japan",
      "flag_no": "jp"
   },
   "7K": {
      "country": "Japan",
      "flag_no": "jp"
   },
   "7L": {
      "country": "Japan",
      "flag_no": "jp"
   },
   "7M": {
      "country": "Japan",
      "flag_no": "jp"
   },
   "7N": {
      "country": "Japan",
      "flag_no": "jp"
   },
   "7O": {
      "country": "Yemen",
      "flag_no": "ye"
   },
   "7P": {
      "country": "Lesotho",
      "flag_no": "ls"
   },
   "7Q": {
      "country": "Malawi",
      "flag_no": "mw"
   },
   "7S": {
      "country": "Sweden",
      "flag_no": "se"
   },
   "7T": {
      "country": "Algeria",
      "flag_no": "dz"
   },
   "7U": {
      "country": "Algeria",
      "flag_no": "dz"
   },
   "7V": {
      "country": "Algeria",
      "flag_no": "dz"
   },
   "7W": {
      "country": "Algeria",
      "flag_no": "dz"
   },
   "7X": {
      "country": "Algeria",
      "flag_no": "dz"
   },
   "7Y": {
      "country": "Algeria",
      "flag_no": "dz"
   },
   "8J": {
      "country": "Japan",
      "flag_no": "jp"
   },
   "8N": {
      "country": "Japan",
      "flag_no": "jp"
   },
   "8P": {
      "country": "Barbados",
      "flag_no": "bb"
   },
   "8Q": {
      "country": "Maldives",
      "flag_no": "mv"
   },
   "8R": {
      "country": "Guyana",
      "flag_no": "gy"
   },
   "8S": {
      "country": "Sweden",
      "flag_no": "se"
   },
   "9A": {
      "country": "Croatia",
      "flag_no": "hr"
   },
   "9G": {
      "country": "Ghana",
      "flag_no": "gh"
   },
   "9H": {
      "country": "Malta",
      "flag_no": "mt"
   },
   "9I": {
      "country": "Zambia",
      "flag_no": "zm"
   },
   "9J": {
      "country": "Zambia",
      "flag_no": "zm"
   },
   "9K": {
      "country": "Kuwait",
      "flag_no": "kw"
   },
   "9L": {
      "country": "Sierra Leone",
      "flag_no": "sl"
   },
   "9M2": {
      "country": "West Malaysia",
      "flag_no": "my"
   },
   "9M4": {
      "country": "West Malaysia",
      "flag_no": "my"
   },
   "9M6": {
      "country": "East Malaysia",
      "flag_no": "my"
   },
   "9M8": {
      "country": "East Malaysia",
      "flag_no": "my"
   },
   "9N": {
      "country": "Nepal",
      "flag_no": "np"
   },
   "9Q": {
      "country": "Congo the Democratic Republic of the",
      "flag_no": "cd"
   },
   "9R": {
      "country": "Congo the Democratic Republic of the",
      "flag_no": "cd"
   },
   "9S": {
      "country": "Congo the Democratic Republic of the",
      "flag_no": "cd"
   },
   "9T": {
      "country": "Congo the Democratic Republic of the",
      "flag_no": "cd"
   },
   "9U": {
      "country": "Burundi",
      "flag_no": "bi"
   },
   "9V": {
      "country": "Singapore",
      "flag_no": "sg"
   },
   "9W2": {
      "country": "West Malaysia",
      "flag_no": "my"
   },
   "9W4": {
      "country": "West Malaysia",
      "flag_no": "my"
   },
   "9W6": {
      "country": "East Malaysia",
      "flag_no": "my"
   },
   "9W8": {
      "country": "East Malaysia",
      "flag_no": "my"
   },
   "9X": {
      "country": "Rwanda",
      "flag_no": "rw"
   },
   "9Y": {
      "country": "Trinidad and Tobago",
      "flag_no": "tt"
   },
   "9Z": {
      "country": "Trinidad and Tobago",
      "flag_no": "tt"
   },
   "A2": {
      "country": "Botswana",
      "flag_no": "bw"
   },
   "A3": {
      "country": "Tonga",
      "flag_no": "to"
   },
   "A4": {
      "country": "Oman",
      "flag_no": "om"
   },
   "A5": {
      "country": "Bhutan",
      "flag_no": "bt"
   },
   "A6": {
      "country": "United Arab Emirates",
      "flag_no": "ae"
   },
   "A7": {
      "country": "Qatar",
      "flag_no": "qa"
   },
   "A9": {
      "country": "Bahrain",
      "flag_no": "bh"
   },
   "AA": {
      "country": "United States",
      "flag_no": "us"
   },
   "AB": {
      "country": "United States",
      "flag_no": "us"
   },
   "AC": {
      "country": "United States",
      "flag_no": "us"
   },
   "AD": {
      "country": "United States",
      "flag_no": "us"
   },
   "AE": {
      "country": "United States",
      "flag_no": "us"
   },
   "AF": {
      "country": "United States",
      "flag_no": "us"
   },
   "AG": {
      "country": "United States",
      "flag_no": "us"
   },
   "AH": {
      "country": "United States",
      "flag_no": "us"
   },
   "AI": {
      "country": "United States",
      "flag_no": "us"
   },
   "AJ": {
      "country": "United States",
      "flag_no": "us"
   },
   "AK": {
      "country": "United States",
      "flag_no": "us"
   },
   "AL": {
      "country": "Alaska",
      "flag_no": "us"
   },
   "AP": {
      "country": "Pakistan",
      "flag_no": "pk"
   },
   "AX": {
      "country": "Australia",
      "flag_no": "au"
   },
   "BA": {
      "country": "China",
      "flag_no": "cn"
   },
   "BB": {
      "country": "China",
      "flag_no": "cn"
   },
   "BC": {
      "country": "China",
      "flag_no": "cn"
   },
   "BD": {
      "country": "China",
      "flag_no": "cn"
   },
   "BE": {
      "country": "China",
      "flag_no": "cn"
   },
   "BF": {
      "country": "China",
      "flag_no": "cn"
   },
   "BG": {
      "country": "China",
      "flag_no": "cn"
   },
   "BH": {
      "country": "China",
      "flag_no": "cn"
   },
   "BI": {
      "country": "China",
      "flag_no": "cn"
   },
   "BJ": {
      "country": "China",
      "flag_no": "cn"
   },
   "BK": {
      "country": "China",
      "flag_no": "cn"
   },
   "BL": {
      "country": "China",
      "flag_no": "cn"
   },
   "BM": {
      "country": "Taiwan Province of China",
      "flag_no": "tw"
   },
   "BN": {
      "country": "China",
      "flag_no": "cn"
   },
   "BO": {
      "country": "Taiwan Province of China",
      "flag_no": "tw"
   },
   "BP": {
      "country": "China",
      "flag_no": "cn"
   },
   "BQ": {
      "country": "China",
      "flag_no": "cn"
   },
   "BR": {
      "country": "China",
      "flag_no": "cn"
   },
   "BS": {
      "country": "China",
      "flag_no": "cn"
   },
   "BS7": {
      "country": "Scarborough Reef",
      "flag_no": "rf"
   },
   "BT": {
      "country": "China",
      "flag_no": "cn"
   },
   "BU": {
      "country": "Taiwan Province of China",
      "flag_no": "tw"
   },
   "BV": {
      "country": "Taiwan Province of China",
      "flag_no": "tw"
   },
   "BV9P": {
      "country": "Pratas Islands",
      "flag_no": "pi"
   },
   "BW": {
      "country": "Taiwan Province of China",
      "flag_no": "tw"
   },
   "BX": {
      "country": "Taiwan Province of China",
      "flag_no": "tw"
   },
   "BY": {
      "country": "China",
      "flag_no": "cn"
   },
   "BZ": {
      "country": "China",
      "flag_no": "cn"
   },
   "C2": {
      "country": "Nauru",
      "flag_no": "nr"
   },
   "C3": {
      "country": "Andorra",
      "flag_no": "ad"
   },
   "C4": {
      "country": "Cyprus",
      "flag_no": "cy"
   },
   "C5": {
      "country": "Gambia",
      "flag_no": "gm"
   },
   "C6": {
      "country": "Bahamas",
      "flag_no": "bs"
   },
   "C8": {
      "country": "Mozambique",
      "flag_no": "mz"
   },
   "C9": {
      "country": "Mozambique",
      "flag_no": "mz"
   },
   "CA": {
      "country": "Chile",
      "flag_no": "cl"
   },
   "CB": {
      "country": "Chile",
      "flag_no": "cl"
   },
   "CC": {
      "country": "Chile",
      "flag_no": "cl"
   },
   "CD": {
      "country": "Chile",
      "flag_no": "cl"
   },
   "CE": {
      "country": "Chile",
      "flag_no": "cl"
   },
   "CE0": {
      "country": "Easter Island",
      "flag_no": "cl"
   },
   "CE9": {
      "country": "Antarctica",
      "flag_no": "aq"
   },
   "CM": {
      "country": "Cuba",
      "flag_no": "cu"
   },
   "CN": {
      "country": "Morocco",
      "flag_no": "ma"
   },
   "CO": {
      "country": "Cuba",
      "flag_no": "cu"
   },
   "CP": {
      "country": "Bolivia Plurinational State of",
      "flag_no": "bo"
   },
   "CQ0": {
      "country": "Portugal",
      "flag_no": "pt"
   },
   "CQ1": {
      "country": "Portugal",
      "flag_no": "pt"
   },
   "CQ2": {
      "country": "Portugal",
      "flag_no": "pt"
   },
   "CQ3": {
      "country": "Portugal",
      "flag_no": "pt"
   },
   "CQ7": {
      "country": "Portugal",
      "flag_no": "pt"
   },
   "CQ8": {
      "country": "Portugal",
      "flag_no": "pt"
   },
   "CR1": {
      "country": "Portugal",
      "flag_no": "pt"
   },
   "CR2": {
      "country": "Portugal",
      "flag_no": "pt"
   },
   "CR3": {
      "country": "Portugal",
      "flag_no": "pt"
   },
   "CR5": {
      "country": "Portugal",
      "flag_no": "pt"
   },
   "CR6": {
      "country": "Portugal",
      "flag_no": "pt"
   },
   "CR7": {
      "country": "Portugal",
      "flag_no": "pt"
   },
   "CR8": {
      "country": "Portugal",
      "flag_no": "pt"
   },
   "CR9": {
      "country": "Portugal",
      "flag_no": "pt"
   },
   "CS2": {
      "country": "Portugal",
      "flag_no": "pt"
   },
   "CS3": {
      "country": "Portugal",
      "flag_no": "pt"
   },
   "CS4": {
      "country": "Portugal",
      "flag_no": "pt"
   },
   "CS5": {
      "country": "Portugal",
      "flag_no": "pt"
   },
   "CS7": {
      "country": "Portugal",
      "flag_no": "pt"
   },
   "CS8": {
      "country": "Portugal",
      "flag_no": "pt"
   },
   "CT1": {
      "country": "Portugal",
      "flag_no": "pt"
   },
   "CT2": {
      "country": "Portugal",
      "flag_no": "pt"
   },
   "CT3": {
      "country": "Portugal",
      "flag_no": "pt"
   },
   "CT4": {
      "country": "Portugal",
      "flag_no": "pt"
   },
   "CT5": {
      "country": "Portugal",
      "flag_no": "pt"
   },
   "CT6": {
      "country": "Portugal",
      "flag_no": "pt"
   },
   "CT7": {
      "country": "Portugal",
      "flag_no": "pt"
   },
   "CT8": {
      "country": "Portugal",
      "flag_no": "pt"
   },
   "CT9": {
      "country": "Portugal",
      "flag_no": "pt"
   },
   "CU": {
      "country": "Portugal",
      "flag_no": "pt"
   },
   "CU0": {
      "country": "Portugal",
      "flag_no": "pt"
   },
   "CU1": {
      "country": "Portugal",
      "flag_no": "pt"
   },
   "CU2": {
      "country": "Portugal",
      "flag_no": "pt"
   },
   "CU3": {
      "country": "Portugal",
      "flag_no": "pt"
   },
   "CU4": {
      "country": "Portugal",
      "flag_no": "pt"
   },
   "CU5": {
      "country": "Portugal",
      "flag_no": "pt"
   },
   "CU6": {
      "country": "Portugal",
      "flag_no": "pt"
   },
   "CU7": {
      "country": "Portugal",
      "flag_no": "pt"
   },
   "CU8": {
      "country": "Portugal",
      "flag_no": "pt"
   },
   "CV": {
      "country": "Uruguay",
      "flag_no": "uy"
   },
   "CW": {
      "country": "Uruguay",
      "flag_no": "uy"
   },
   "CX": {
      "country": "Uruguay",
      "flag_no": "uy"
   },
   "CY0": {
      "country": "Sable Island",
      "flag_no": "ca"
   },
   "CY9": {
      "country": "St. Paul Island",
      "flag_no": "us"
   },
   "D2": {
      "country": "Angola",
      "flag_no": "ao"
   },
   "D3": {
      "country": "Angola",
      "flag_no": "ao"
   },
   "D4": {
      "country": "Cape Verde",
      "flag_no": "cv"
   },
   "D6": {
      "country": "Comoros",
      "flag_no": "km"
   },
   "DA": {
      "country": "Germany",
      "flag_no": "de"
   },
   "DB": {
      "country": "Germany",
      "flag_no": "de"
   },
   "DC": {
      "country": "Germany",
      "flag_no": "de"
   },
   "DD": {
      "country": "Germany",
      "flag_no": "de"
   },
   "DE": {
      "country": "Germany",
      "flag_no": "de"
   },
   "DF": {
      "country": "Germany",
      "flag_no": "de"
   },
   "DG": {
      "country": "Germany",
      "flag_no": "de"
   },
   "DH": {
      "country": "Germany",
      "flag_no": "de"
   },
   "DI": {
      "country": "Germany",
      "flag_no": "de"
   },
   "DJ": {
      "country": "Germany",
      "flag_no": "de"
   },
   "DK": {
      "country": "Germany",
      "flag_no": "de"
   },
   "DL": {
      "country": "Germany",
      "flag_no": "de"
   },
   "DM": {
      "country": "Germany",
      "flag_no": "de"
   },
   "DN": {
      "country": "Germany",
      "flag_no": "de"
   },
   "DO": {
      "country": "Germany",
      "flag_no": "de"
   },
   "DP": {
      "country": "Germany",
      "flag_no": "de"
   },
   "DQ": {
      "country": "Germany",
      "flag_no": "de"
   },
   "DR": {
      "country": "Germany",
      "flag_no": "de"
   },
   "DS": {
      "country": "Korea Republic of",
      "flag_no": "kr"
   },
   "DU": {
      "country": "Philippines",
      "flag_no": "ph"
   },
   "4G": {
      "country": "Philippines",
      "flag_no": "ph"
   },
   "DV": {
      "country": "Philippines",
      "flag_no": "ph"
   },
   "DW": {
      "country": "Philippines",
      "flag_no": "ph"
   },
   "DX": {
      "country": "Philippines",
      "flag_no": "ph"
   },
   "DY": {
      "country": "Philippines",
      "flag_no": "ph"
   },
   "DZ": {
      "country": "Philippines",
      "flag_no": "ph"
   },
   "E2": {
      "country": "Thailand",
      "flag_no": "th"
   },
   "E3": {
      "country": "Eritrea",
      "flag_no": "er"
   },
   "E4": {
      "country": "Palestine State of",
      "flag_no": "ps"
   },
   "E5": {
      "country": "Cook Islands",
      "flag_no": "ck"
   },
   "E7": {
      "country": "Bosnia and Herzegovina",
      "flag_no": "ba"
   },
   "EA": {
      "country": "Spain",
      "flag_no": "es"
   },
   "EA6": {
      "country": "Balearic Islands",
      "flag_no": "es"
   },
   "EA8": {
      "country": "Canary Islands",
      "flag_no": "es"
   },
   "EA9": {
      "country": "Ceuta & Melilla",
      "flag_no": "es"
   },
   "EB": {
      "country": "Spain",
      "flag_no": "es"
   },
   "EB6": {
      "country": "Balearic Islands",
      "flag_no": "es"
   },
   "EB8": {
      "country": "Canary Islands",
      "flag_no": "es"
   },
   "EB9": {
      "country": "Ceuta & Melilla",
      "flag_no": "es"
   },
   "EC": {
      "country": "Spain",
      "flag_no": "es"
   },
   "EC6": {
      "country": "Balearic Islands",
      "flag_no": "es"
   },
   "EC8": {
      "country": "Canary Islands",
      "flag_no": "es"
   },
   "EC9": {
      "country": "Ceuta & Melilla",
      "flag_no": "es"
   },
   "ED": {
      "country": "Spain",
      "flag_no": "es"
   },
   "ED6": {
      "country": "Balearic Islands",
      "flag_no": "es"
   },
   "ED8": {
      "country": "Canary Islands",
      "flag_no": "es"
   },
   "ED9": {
      "country": "Ceuta & Melilla",
      "flag_no": "es"
   },
   "EE": {
      "country": "Spain",
      "flag_no": "es"
   },
   "EE6": {
      "country": "Balearic Islands",
      "flag_no": "es"
   },
   "EE8": {
      "country": "Canary Islands",
      "flag_no": "es"
   },
   "EE9": {
      "country": "Ceuta & Melilla",
      "flag_no": "es"
   },
   "EF": {
      "country": "Spain",
      "flag_no": "es"
   },
   "DMR": {
      "country": "DMR Unlink",
      "flag_no": "403"
   },   
   "EF6": {
      "country": "Balearic Islands",
      "flag_no": "es"
   },
   "EF8": {
      "country": "Canary Islands",
      "flag_no": "es"
   },
   "EF9": {
      "country": "Ceuta & Melilla",
      "flag_no": "es"
   },
   "EG": {
      "country": "Spain",
      "flag_no": "es"
   },
   "EG6": {
      "country": "Balearic Islands",
      "flag_no": "es"
   },
   "EG8": {
      "country": "Canary Islands",
      "flag_no": "es"
   },
   "EG9": {
      "country": "Ceuta & Melilla",
      "flag_no": "es"
   },
   "EH": {
      "country": "Spain",
      "flag_no": "es"
   },
   "EH6": {
      "country": "Balearic Islands",
      "flag_no": "es"
   },
   "EH8": {
      "country": "Canary Islands",
      "flag_no": "es"
   },
   "EH9": {
      "country": "Ceuta & Melilla",
      "flag_no": "es"
   },
   "EI": {
      "country": "Ireland",
      "flag_no": "ie"
   },
   "EJ": {
      "country": "Ireland",
      "flag_no": "ie"
   },
   "EK": {
      "country": "Armenia",
      "flag_no": "am"
   },
   "EL": {
      "country": "Liberia",
      "flag_no": "lr"
   },
   "EM": {
      "country": "Ukraine",
      "flag_no": "ua"
   },
   "EN": {
      "country": "Ukraine",
      "flag_no": "ua"
   },
   "EO": {
      "country": "Ukraine",
      "flag_no": "ua"
   },
   "EP": {
      "country": "Iran Islamic Republic of",
      "flag_no": "ir"
   },
   "EQ": {
      "country": "Iran Islamic Republic of",
      "flag_no": "ir"
   },
   "ER": {
      "country": "Moldova Republic of",
      "flag_no": "md"
   },
   "ES": {
      "country": "Estonia",
      "flag_no": "ee"
   },
   "ET": {
      "country": "Ethiopia",
      "flag_no": "et"
   },
   "EU": {
      "country": "Belarus",
      "flag_no": "by"
   },
   "EV": {
      "country": "Belarus",
      "flag_no": "by"
   },
   "EW": {
      "country": "Belarus",
      "flag_no": "by"
   },
   "EX": {
      "country": "Kyrgyzstan",
      "flag_no": "kg"
   },
   "EY": {
      "country": "Tajikistan",
      "flag_no": "tj"
   },
   "EZ": {
      "country": "Turkmenistan",
      "flag_no": "tm"
   },
   "F0": {
      "country": "France",
      "flag_no": "fr"
   },
   "F1": {
      "country": "France",
      "flag_no": "fr"
   },
   "F2": {
      "country": "France",
      "flag_no": "fr"
   },
   "F3": {
      "country": "France",
      "flag_no": "fr"
   },
   "F4": {
      "country": "France",
      "flag_no": "fr"
   },
   "F5": {
      "country": "France",
      "flag_no": "fr"
   },
   "F6": {
      "country": "France",
      "flag_no": "fr"
   },
   "F7": {
      "country": "France",
      "flag_no": "fr"
   },
   "F8": {
      "country": "France",
      "flag_no": "fr"
   },
   "F9": {
      "country": "France",
      "flag_no": "fr"
   },
   "FG": {
      "country": "Guadeloupe",
      "flag_no": "gp"
   },
   "FH": {
      "country": "Mayotte",
      "flag_no": "yt"
   },
   "FJ": {
      "country": "Saint Barthelemy",
      "flag_no": "bl"
   },
   "FK": {
      "country": "New Caledonia",
      "flag_no": "nc"
   },
   "FM": {
      "country": "Martinique",
      "flag_no": "mq"
   },
   "FO": {
      "country": "Mayotte",
      "flag_no": "yt"
   },
   "FP": {
      "country": "Saint Pierre and Miquelon",
      "flag_no": "pm"
   },
   "FR": {
      "country": "Reunion",
      "flag_no": "re"
   },
   "FS": {
      "country": "Saint Martin (French part)",
      "flag_no": "mf"
   },
   "FT": {
      "country": "French Southern and Antarctic Lands",
      "flag_no": "fr"
   },
   "FW": {
      "country": "Wallis and Futuna",
      "flag_no": "wf"
   },
   "FY": {
      "country": "French Guiana",
      "flag_no": "gf"
   },
   "G0": {
      "country": "England",
      "flag_no": "en"
   },
   "G1": {
      "country": "England",
      "flag_no": "en"
   },
   "G2": {
      "country": "England",
      "flag_no": "en"
   },
   "G3": {
      "country": "England",
      "flag_no": "en"
   },
   "G4": {
      "country": "England",
      "flag_no": "en"
   },
   "G5": {
      "country": "England",
      "flag_no": "en"
   },
   "G6": {
      "country": "England",
      "flag_no": "en"
   },
   "G7": {
      "country": "England",
      "flag_no": "en"
   },
   "G8": {
      "country": "England",
      "flag_no": "en"
   },
   "G9": {
      "country": "England",
      "flag_no": "en"
   },
   "GB": {
      "country": "England",
      "flag_no": "en"
   },
   "GC": {
      "country": "Wales",
      "flag_no": "wl"
   },
   "GD": {
      "country": "Isle of Man",
      "flag_no": "im"
   },
   "GH": {
      "country": "Jersey",
      "flag_no": "je"
   },
   "GI": {
      "country": "Northern Ireland",
      "flag_no": "nie"
   },
   "GJ": {
      "country": "Jersey",
      "flag_no": "je"
   },
   "GM": {
      "country": "Scotland",
      "flag_no": "gb-sct"
   },
   "GN": {
      "country": "Northern Ireland",
      "flag_no": "nie"
   },
   "GP": {
      "country": "Guernsey",
      "flag_no": "gg"
   },
   "GS": {
      "country": "Scotland",
      "flag_no": "gb-sct"
   },
   "GT": {
      "country": "Isle of Man",
      "flag_no": "im"
   },
   "GU": {
      "country": "Guernsey",
      "flag_no": "gg"
   },
   "GW": {
      "country": "Wales",
      "flag_no": "wl"
   },
   "GX": {
      "country": "England",
      "flag_no": "en"
   },
   "H4": {
      "country": "Solomon Islands",
      "flag_no": "sb"
   },
   "H40": {
      "country": "Temotu Province",
      "flag_no": "sb"
   },
   "H6": {
      "country": "Nicaragua",
      "flag_no": "ni"
   },
   "H7": {
      "country": "Nicaragua",
      "flag_no": "ni"
   },
   "HA": {
      "country": "Hungary",
      "flag_no": "hu"
   },
   "HB": {
      "country": "Switzerland",
      "flag_no": "ch"
   },
   "HB0": {
      "country": "Liechtenstein",
      "flag_no": "li"
   },
   "HC": {
      "country": "Ecuador",
      "flag_no": "ec"
   },
   "HC8": {
      "country": "Galapagos Islands",
      "flag_no": "ec"
   },
   "HD": {
      "country": "Ecuador",
      "flag_no": "ec"
   },
   "HD8": {
      "country": "Galapagos Islands",
      "flag_no": "ec"
   },
   "HG": {
      "country": "Hungary",
      "flag_no": "hu"
   },
   "HH": {
      "country": "Haiti",
      "flag_no": "ht"
   },
   "HI": {
      "country": "Dominican Republic",
      "flag_no": "do"
   },
   "HJ": {
      "country": "Colombia",
      "flag_no": "co"
   },
   "HK": {
      "country": "Colombia",
      "flag_no": "co"
   },
   "HL": {
      "country": "Korea Republic of",
      "flag_no": "kr"
   },
   "HO": {
      "country": "Panama",
      "flag_no": "pa"
   },
   "HP": {
      "country": "Panama",
      "flag_no": "pa"
   },
   "HQ": {
      "country": "Honduras",
      "flag_no": "hn"
   },
   "HR": {
      "country": "Honduras",
      "flag_no": "hn"
   },
   "HS": {
      "country": "Thailand",
      "flag_no": "th"
   },
   "HT": {
      "country": "Nicaragua",
      "flag_no": "ni"
   },
   "HU": {
      "country": "El Salvador",
      "flag_no": "sv"
   },
   "HV": {
      "country": "Holy See (Vatican City State)",
      "flag_no": "va"
   },
   "HZ": {
      "country": "Saudi Arabia",
      "flag_no": "sa"
   },
   "I0": {
      "country": "Italy",
      "flag_no": "it"
   },
   "I1": {
      "country": "Italy",
      "flag_no": "it"
   },
   "I2": {
      "country": "Italy",
      "flag_no": "it"
   },
   "I3": {
      "country": "Italy",
      "flag_no": "it"
   },
   "I4": {
      "country": "Italy",
      "flag_no": "it"
   },
   "I5": {
      "country": "Italy",
      "flag_no": "it"
   },
   "I6": {
      "country": "Italy",
      "flag_no": "it"
   },
   "I7": {
      "country": "Italy",
      "flag_no": "it"
   },
   "I8": {
      "country": "Italy",
      "flag_no": "it"
   },
   "I9": {
      "country": "Italy",
      "flag_no": "it"
   },
   "IK": {
      "country": "Italy",
      "flag_no": "it"
   },
   "IM0": {
      "country": "Sardinia",
      "flag_no": "it"
   },
   "IN": {
      "country": "Italy",
      "flag_no": "it"
   },
   "IQ": {
      "country": "Italy",
      "flag_no": "it"
   },
   "IR": {
      "country": "Italy",
      "flag_no": "it"
   },
   "IS": {
      "country": "Italy",
      "flag_no": "it"
   },
   "IS0": {
      "country": "Sardinia",
      "flag_no": "it"
   },
   "IT": {
      "country": "Italy",
      "flag_no": "it"
   },
   "IU": {
      "country": "Italy",
      "flag_no": "it"
   },
   "IV": {
      "country": "Italy",
      "flag_no": "it"
   },
   "IW": {
      "country": "Italy",
      "flag_no": "it"
   },
   "IZ": {
      "country": "Italy",
      "flag_no": "it"
   },
   "J2": {
      "country": "Djibouti",
      "flag_no": "dj"
   },
   "J3": {
      "country": "Grenada",
      "flag_no": "gd"
   },
   "J4": {
      "country": "Greece",
      "flag_no": "gr"
   },
   "J45": {
      "country": "Dodecanese",
      "flag_no": "gr"
   },
   "J49": {
      "country": "Crete",
      "flag_no": "gr"
   },
   "J5": {
      "country": "Guinea-Bissau",
      "flag_no": "gw"
   },
   "J6": {
      "country": "Saint Lucia",
      "flag_no": "lc"
   },
   "J7": {
      "country": "Dominica",
      "flag_no": "dm"
   },
   "J8": {
      "country": "Saint Vincent and the Grenadines",
      "flag_no": "vc"
   },
   "JA": {
      "country": "Japan",
      "flag_no": "jp"
   },
   "JB": {
      "country": "Japan",
      "flag_no": "jp"
   },
   "JC": {
      "country": "Japan",
      "flag_no": "jp"
   },
   "JD": {
      "country": "Japan",
      "flag_no": "jp"
   },
   "JE": {
      "country": "Japan",
      "flag_no": "jp"
   },
   "JF": {
      "country": "Japan",
      "flag_no": "jp"
   },
   "JG": {
      "country": "Japan",
      "flag_no": "jp"
   },
   "JH": {
      "country": "Japan",
      "flag_no": "jp"
   },
   "JI": {
      "country": "Japan",
      "flag_no": "jp"
   },
   "JJ": {
      "country": "Japan",
      "flag_no": "jp"
   },
   "JK": {
      "country": "Japan",
      "flag_no": "jp"
   },
   "JL": {
      "country": "Japan",
      "flag_no": "jp"
   },
   "JM": {
      "country": "Japan",
      "flag_no": "jp"
   },
   "JN": {
      "country": "Japan",
      "flag_no": "jp"
   },
   "JO": {
      "country": "Japan",
      "flag_no": "jp"
   },
   "JP": {
      "country": "Japan",
      "flag_no": "jp"
   },
   "JQ": {
      "country": "Japan",
      "flag_no": "jp"
   },
   "JR": {
      "country": "Japan",
      "flag_no": "jp"
   },
   "JS": {
      "country": "Japan",
      "flag_no": "jp"
   },
   "JT": {
      "country": "Mongolia",
      "flag_no": "mn"
   },
   "JU": {
      "country": "Mongolia",
      "flag_no": "mn"
   },
   "JV": {
      "country": "Mongolia",
      "flag_no": "mn"
   },
   "JW": {
      "country": "Svalbard",
      "flag_no": "no"
   },
   "JX": {
      "country": "Jan Mayen",
      "flag_no": "no"
   },
   "JY": {
      "country": "Jordan",
      "flag_no": "jo"
   },
   "K0": {
      "country": "United States",
      "flag_no": "us"
   },
   "K1": {
      "country": "United States",
      "flag_no": "us"
   },
   "K2": {
      "country": "United States",
      "flag_no": "us"
   },
   "K3": {
      "country": "United States",
      "flag_no": "us"
   },
   "K4": {
      "country": "United States",
      "flag_no": "us"
   },
   "K5": {
      "country": "United States",
      "flag_no": "us"
   },
   "K6": {
      "country": "United States",
      "flag_no": "us"
   },
   "K7": {
      "country": "United States",
      "flag_no": "us"
   },
   "K8": {
      "country": "United States",
      "flag_no": "us"
   },
   "K9": {
      "country": "United States",
      "flag_no": "us"
   },
   "KA": {
      "country": "United States",
      "flag_no": "us"
   },
   "KB": {
      "country": "United States",
      "flag_no": "us"
   },
   "KC": {
      "country": "United States",
      "flag_no": "us"
   },
   "KC4A": {
      "country": "Antarctica",
      "flag_no": "aq"
   },
   "KC4U": {
      "country": "Antarctica",
      "flag_no": "aq"
   },
   "KD": {
      "country": "United States",
      "flag_no": "us"
   },
   "KE": {
      "country": "United States",
      "flag_no": "us"
   },
   "KF": {
      "country": "United States",
      "flag_no": "us"
   },
   "KG": {
      "country": "United States",
      "flag_no": "us"
   },
   "KG4": {
      "country": "Guantanamo Bay",
      "flag_no": "us"
   },
   "KH": {
      "country": "United States",
      "flag_no": "us"
   },
   "KH0": {
      "country": "Northern Mariana Islands",
      "flag_no": "mp"
   },
   "KH1": {
      "country": "Baker & Howland Islands",
      "flag_no": "us"
   },
   "KH2": {
      "country": "Guam",
      "flag_no": "gu"
   },
   "KH3": {
      "country": "Johnston Island",
      "flag_no": "us"
   },
   "KH4": {
      "country": "Midway Island",
      "flag_no": "us"
   },
   "KH5": {
      "country": "Palmyra & Jarvis Island",
      "flag_no": "um"
   },
   "KH6": {
      "country": "Hawaii",
      "flag_no": "us"
   },
   "KH7": {
      "country": "Hawaii",
      "flag_no": "us"
   },
   "KH7K": {
      "country": "Kure Island",
      "flag_no": "us"
   },
   "KH8": {
      "country": "American Samoa",
      "flag_no": "as"
   },
   "KH9": {
      "country": "Wake Island",
      "flag_no": "us"
   },
   "KI": {
      "country": "United States",
      "flag_no": "us"
   },
   "KJ": {
      "country": "United States",
      "flag_no": "us"
   },
   "KK": {
      "country": "United States",
      "flag_no": "us"
   },
   "KL": {
      "country": "Alaska",
      "flag_no": "us"
   },
   "KM": {
      "country": "United States",
      "flag_no": "us"
   },
   "KN": {
      "country": "United States",
      "flag_no": "us"
   },
   "KO": {
      "country": "United States",
      "flag_no": "us"
   },
   "KP": {
      "country": "United States",
      "flag_no": "us"
   },
   "KP1": {
      "country": "Navassa Island",
      "flag_no": "nv"
   },
   "KP2": {
      "country": "Virgin Islands U.S.",
      "flag_no": "vi"
   },
   "KP3": {
      "country": "Puerto Rico",
      "flag_no": "pr"
   },
   "KP4": {
      "country": "Puerto Rico",
      "flag_no": "pr"
   },
   "KP5": {
      "country": "Desecheo Island",
      "flag_no": "us"
   },
   "KQ": {
      "country": "United States",
      "flag_no": "us"
   },
   "KR": {
      "country": "United States",
      "flag_no": "us"
   },
   "KS": {
      "country": "United States",
      "flag_no": "us"
   },
   "KT": {
      "country": "United States",
      "flag_no": "us"
   },
   "KU": {
      "country": "United States",
      "flag_no": "us"
   },
   "KV": {
      "country": "United States",
      "flag_no": "us"
   },
   "KW": {
      "country": "United States",
      "flag_no": "us"
   },
   "KX": {
      "country": "United States",
      "flag_no": "us"
   },
   "KY": {
      "country": "United States",
      "flag_no": "us"
   },
   "KZ": {
      "country": "United States",
      "flag_no": "us"
   },
   "LA": {
      "country": "Norway",
      "flag_no": "no"
   },
   "LB": {
      "country": "Norway",
      "flag_no": "no"
   },
   "LC": {
      "country": "Norway",
      "flag_no": "no"
   },
   "LD": {
      "country": "Norway",
      "flag_no": "no"
   },
   "LE": {
      "country": "Norway",
      "flag_no": "no"
   },
   "LF": {
      "country": "Norway",
      "flag_no": "no"
   },
   "LG": {
      "country": "Norway",
      "flag_no": "no"
   },
   "LH": {
      "country": "Norway",
      "flag_no": "no"
   },
   "LI": {
      "country": "Norway",
      "flag_no": "no"
   },
   "LJ": {
      "country": "Norway",
      "flag_no": "no"
   },
   "LK": {
      "country": "Norway",
      "flag_no": "no"
   },
   "LL": {
      "country": "Norway",
      "flag_no": "no"
   },
   "LM": {
      "country": "Norway",
      "flag_no": "no"
   },
   "LN": {
      "country": "Norway",
      "flag_no": "no"
   },
   "LO": {
      "country": "Argentina",
      "flag_no": "ar"
   },
   "LP": {
      "country": "Argentina",
      "flag_no": "ar"
   },
   "LQ": {
      "country": "Argentina",
      "flag_no": "ar"
   },
   "LR": {
      "country": "Argentina",
      "flag_no": "ar"
   },
   "LS": {
      "country": "Argentina",
      "flag_no": "ar"
   },
   "LT": {
      "country": "Argentina",
      "flag_no": "ar"
   },
   "LU": {
      "country": "Argentina",
      "flag_no": "ar"
   },
   "LV": {
      "country": "Argentina",
      "flag_no": "ar"
   },
   "LW": {
      "country": "Argentina",
      "flag_no": "ar"
   },
   "LX": {
      "country": "Luxembourg",
      "flag_no": "lu"
   },
   "LY": {
      "country": "Lithuania",
      "flag_no": "lt"
   },
   "LZ": {
      "country": "Bulgaria",
      "flag_no": "bg"
   },
   "M0": {
      "country": "England",
      "flag_no": "en"
   },
   "M1": {
      "country": "England",
      "flag_no": "en"
   },
   "M2": {
      "country": "England",
      "flag_no": "en"
   },
   "M3": {
      "country": "England",
      "flag_no": "en"
   },
   "M4": {
      "country": "England",
      "flag_no": "en"
   },
   "M5": {
      "country": "England",
      "flag_no": "en"
   },
   "M6": {
      "country": "England",
      "flag_no": "en"
   },
   "M7": {
      "country": "England",
      "flag_no": "en"
   },
   "M8": {
      "country": "England",
      "flag_no": "en"
   },
   "M9": {
      "country": "England",
      "flag_no": "en"
   },
   "MB": {
      "country": "England",
      "flag_no": "en"
   },
   "MI": {
      "country": "Northern Ireland",
      "flag_no": "nie"
   },
   "MM": {
      "country": "Scotland",
      "flag_no": "gb-sct"
   },
   "MW": {
      "country": "Wales",
      "flag_no": "wl"
   },
   "MX": {
      "country": "England",
      "flag_no": "en"
   },
   "N0": {
      "country": "United States",
      "flag_no": "us"
   },
   "N1": {
      "country": "United States",
      "flag_no": "us"
   },
   "N2": {
      "country": "United States",
      "flag_no": "us"
   },
   "N3": {
      "country": "United States",
      "flag_no": "us"
   },
   "N4": {
      "country": "United States",
      "flag_no": "us"
   },
   "N5": {
      "country": "United States",
      "flag_no": "us"
   },
   "N6": {
      "country": "United States",
      "flag_no": "us"
   },
   "N7": {
      "country": "United States",
      "flag_no": "us"
   },
   "N8": {
      "country": "United States",
      "flag_no": "us"
   },
   "N9": {
      "country": "United States",
      "flag_no": "us"
   },
   "NA": {
      "country": "United States",
      "flag_no": "us"
   },
   "NB": {
      "country": "United States",
      "flag_no": "us"
   },
   "NC": {
      "country": "United States",
      "flag_no": "us"
   },
   "ND": {
      "country": "United States",
      "flag_no": "us"
   },
   "NE": {
      "country": "United States",
      "flag_no": "us"
   },
   "NF": {
      "country": "United States",
      "flag_no": "us"
   },
   "NG": {
      "country": "United States",
      "flag_no": "us"
   },
   "NH": {
      "country": "United States",
      "flag_no": "us"
   },
   "NI": {
      "country": "United States",
      "flag_no": "us"
   },
   "NJ": {
      "country": "United States",
      "flag_no": "us"
   },
   "NK": {
      "country": "United States",
      "flag_no": "us"
   },
   "NL": {
      "country": "Alaska",
      "flag_no": "us"
   },
   "NM": {
      "country": "United States",
      "flag_no": "us"
   },
   "NN": {
      "country": "United States",
      "flag_no": "us"
   },
   "NO": {
      "country": "United States",
      "flag_no": "us"
   },
   "NP": {
      "country": "United States",
      "flag_no": "us"
   },
   "NQ": {
      "country": "United States",
      "flag_no": "us"
   },
   "NR": {
      "country": "United States",
      "flag_no": "us"
   },
   "NS": {
      "country": "United States",
      "flag_no": "us"
   },
   "NT": {
      "country": "United States",
      "flag_no": "us"
   },
   "NU": {
      "country": "United States",
      "flag_no": "us"
   },
   "NV": {
      "country": "United States",
      "flag_no": "us"
   },
   "NW": {
      "country": "United States",
      "flag_no": "us"
   },
   "NX": {
      "country": "United States",
      "flag_no": "us"
   },
   "NY": {
      "country": "United States",
      "flag_no": "us"
   },
   "NZ": {
      "country": "United States",
      "flag_no": "us"
   },
   "OA": {
      "country": "Peru",
      "flag_no": "pe"
   },
   "OB": {
      "country": "Peru",
      "flag_no": "pe"
   },
   "OC": {
      "country": "Peru",
      "flag_no": "pe"
   },
   "OD": {
      "country": "Lebanon",
      "flag_no": "lb"
   },
   "OE": {
      "country": "Austria",
      "flag_no": "at"
   },
   "OF": {
      "country": "Finland",
      "flag_no": "fi"
   },
   "OG": {
      "country": "Finland",
      "flag_no": "fi"
   },
   "OH": {
      "country": "Finland",
      "flag_no": "fi"
   },
   "OH0": {
      "country": "Aland Islands",
      "flag_no": "ax"
   },
   "OI": {
      "country": "Finland",
      "flag_no": "fi"
   },
   "OJ0": {
      "country": "Market Reef",
      "flag_no": "tf"
   },
   "OK": {
      "country": "Czech Republic",
      "flag_no": "cz"
   },
   "OL": {
      "country": "Czech Republic",
      "flag_no": "cz"
   },
   "OM": {
      "country": "Slovakia",
      "flag_no": "sk"
   },
   "ON": {
      "country": "Belgium",
      "flag_no": "be"
   },
   "OO": {
      "country": "Belgium",
      "flag_no": "be"
   },
   "OP": {
      "country": "Belgium",
      "flag_no": "be"
   },
   "OQ": {
      "country": "Belgium",
      "flag_no": "be"
   },
   "OR": {
      "country": "Belgium",
      "flag_no": "be"
   },
   "OS": {
      "country": "Belgium",
      "flag_no": "be"
   },
   "OT": {
      "country": "Belgium",
      "flag_no": "be"
   },
   "OU": {
      "country": "Denmark",
      "flag_no": "dk"
   },
   "OV": {
      "country": "Denmark",
      "flag_no": "dk"
   },
   "OW": {
      "country": "Denmark",
      "flag_no": "dk"
   },
   "OX": {
      "country": "Greenland",
      "flag_no": "gl"
   },
   "OY": {
      "country": "Faroe Islands",
      "flag_no": "fo"
   },
   "OZ": {
      "country": "Denmark",
      "flag_no": "dk"
   },
   "P2": {
      "country": "Papua New Guinea",
      "flag_no": "pg"
   },
   "P3": {
      "country": "Cyprus",
      "flag_no": "cy"
   },
   "P4": {
      "country": "Aruba",
      "flag_no": "aw"
   },
   "P5": {
      "country": "Korea Democratic People's Republic of",
      "flag_no": "kp"
   },
   "PA": {
      "country": "Netherlands",
      "flag_no": "nl"
   },
   "PB": {
      "country": "Netherlands",
      "flag_no": "nl"
   },
   "PC": {
      "country": "Netherlands",
      "flag_no": "nl"
   },
   "PD": {
      "country": "Netherlands",
      "flag_no": "nl"
   },
   "PE": {
      "country": "Netherlands",
      "flag_no": "nl"
   },
   "PF": {
      "country": "Netherlands",
      "flag_no": "nl"
   },
   "PG": {
      "country": "Netherlands",
      "flag_no": "nl"
   },
   "PH": {
      "country": "Netherlands",
      "flag_no": "nl"
   },
   "PI": {
      "country": "Netherlands",
      "flag_no": "nl"
   },
   "PJ2": {
      "country": "Curacao",
      "flag_no": "cw"
   },
   "PJ4": {
      "country": "Bonaire",
      "flag_no": "nl"
   },
   "PJ5": {
      "country": "Sint Eustatius and Saba",
      "flag_no": "nl"
   },
   "PJ6": {
      "country": "Sint Eustatius and Saba",
      "flag_no": "nl"
   },
   "PJ7": {
      "country": "Sint Maarten (Dutch part)",
      "flag_no": "sx"
   },
   "PP": {
      "country": "Brazil",
      "flag_no": "br"
   },
   "PQ": {
      "country": "Brazil",
      "flag_no": "br"
   },
   "PR": {
      "country": "Brazil",
      "flag_no": "br"
   },
   "PS": {
      "country": "Brazil",
      "flag_no": "br"
   },
   "PT": {
      "country": "Brazil",
      "flag_no": "br"
   },
   "PU": {
      "country": "Brazil",
      "flag_no": "br"
   },
   "PV": {
      "country": "Brazil",
      "flag_no": "br"
   },
   "PW": {
      "country": "Brazil",
      "flag_no": "br"
   },
   "PX": {
      "country": "Brazil",
      "flag_no": "br"
   },
   "PY": {
      "country": "Brazil",
      "flag_no": "br"
   },
   "PZ": {
      "country": "Suriname",
      "flag_no": "sr"
   },
   "R1": {
      "country": "Franz Josef Land",
      "flag_no": "ru"
   },
   "RA0": {
      "country": "Asiatic Russia",
      "flag_no": "ru"
   },
   "RA1": {
      "country": "European Russia",
      "flag_no": "ru"
   },
   "RA2": {
      "country": "Kaliningrad",
      "flag_no": "ru"
   },
   "RA3": {
      "country": "European Russia",
      "flag_no": "ru"
   },
   "RA4": {
      "country": "European Russia",
      "flag_no": "ru"
   },
   "RA5": {
      "country": "European Russia",
      "flag_no": "ru"
   },
   "RA6": {
      "country": "European Russia",
      "flag_no": "ru"
   },
   "RA7": {
      "country": "European Russia",
      "flag_no": "ru"
   },
   "RA8": {
      "country": "Asiatic Russia",
      "flag_no": "ru"
   },
   "RA9": {
      "country": "Asiatic Russia",
      "flag_no": "ru"
   },
   "RB0": {
      "country": "Asiatic Russia",
      "flag_no": "ru"
   },
   "RB1": {
      "country": "European Russia",
      "flag_no": "ru"
   },
   "RB2": {
      "country": "European Russia",
      "flag_no": "ru"
   },
   "RB3": {
      "country": "European Russia",
      "flag_no": "ru"
   },
   "RB4": {
      "country": "European Russia",
      "flag_no": "ru"
   },
   "RB5": {
      "country": "European Russia",
      "flag_no": "ru"
   },
   "RB6": {
      "country": "European Russia",
      "flag_no": "ru"
   },
   "RB7": {
      "country": "European Russia",
      "flag_no": "ru"
   },
   "RB8": {
      "country": "Asiatic Russia",
      "flag_no": "ru"
   },
   "RB9": {
      "country": "Asiatic Russia",
      "flag_no": "ru"
   },
   "RC0": {
      "country": "Asiatic Russia",
      "flag_no": "ru"
   },
   "RC1": {
      "country": "European Russia",
      "flag_no": "ru"
   },
   "RC2": {
      "country": "European Russia",
      "flag_no": "ru"
   },
   "RC3": {
      "country": "European Russia",
      "flag_no": "ru"
   },
   "RC4": {
      "country": "European Russia",
      "flag_no": "ru"
   },
   "RC5": {
      "country": "European Russia",
      "flag_no": "ru"
   },
   "RC6": {
      "country": "European Russia",
      "flag_no": "ru"
   },
   "RC7": {
      "country": "European Russia",
      "flag_no": "ru"
   },
   "RC8": {
      "country": "Asiatic Russia",
      "flag_no": "ru"
   },
   "RC9": {
      "country": "Asiatic Russia",
      "flag_no": "ru"
   },
   "RD0": {
      "country": "Asiatic Russia",
      "flag_no": "ru"
   },
   "RD1": {
      "country": "European Russia",
      "flag_no": "ru"
   },
   "RD2": {
      "country": "European Russia",
      "flag_no": "ru"
   },
   "RD3": {
      "country": "European Russia",
      "flag_no": "ru"
   },
   "RD4": {
      "country": "European Russia",
      "flag_no": "ru"
   },
   "RD5": {
      "country": "European Russia",
      "flag_no": "ru"
   },
   "RD6": {
      "country": "European Russia",
      "flag_no": "ru"
   },
   "RD7": {
      "country": "European Russia",
      "flag_no": "ru"
   },
   "RD8": {
      "country": "Asiatic Russia",
      "flag_no": "ru"
   },
   "RD9": {
      "country": "Asiatic Russia",
      "flag_no": "ru"
   },
   "RE0": {
      "country": "Asiatic Russia",
      "flag_no": "ru"
   },
   "RE1": {
      "country": "European Russia",
      "flag_no": "ru"
   },
   "RE2": {
      "country": "European Russia",
      "flag_no": "ru"
   },
   "RE3": {
      "country": "European Russia",
      "flag_no": "ru"
   },
   "RE4": {
      "country": "European Russia",
      "flag_no": "ru"
   },
   "RE5": {
      "country": "European Russia",
      "flag_no": "ru"
   },
   "RE6": {
      "country": "European Russia",
      "flag_no": "ru"
   },
   "RE7": {
      "country": "European Russia",
      "flag_no": "ru"
   },
   "RE8": {
      "country": "Asiatic Russia",
      "flag_no": "ru"
   },
   "RE9": {
      "country": "Asiatic Russia",
      "flag_no": "ru"
   },
   "REF": {
      "country": "GATE",
      "flag_no": "gate"
   },
   "RF0": {
      "country": "Asiatic Russia",
      "flag_no": "ru"
   },
   "RF1": {
      "country": "European Russia",
      "flag_no": "ru"
   },
   "RF2": {
      "country": "European Russia",
      "flag_no": "ru"
   },
   "RF3": {
      "country": "European Russia",
      "flag_no": "ru"
   },
   "RF4": {
      "country": "European Russia",
      "flag_no": "ru"
   },
   "RF5": {
      "country": "European Russia",
      "flag_no": "ru"
   },
   "RF6": {
      "country": "European Russia",
      "flag_no": "ru"
   },
   "RF7": {
      "country": "European Russia",
      "flag_no": "ru"
   },
   "RF8": {
      "country": "Asiatic Russia",
      "flag_no": "ru"
   },
   "RF9": {
      "country": "Asiatic Russia",
      "flag_no": "ru"
   },
   "RG0": {
      "country": "Asiatic Russia",
      "flag_no": "ru"
   },
   "RG1": {
      "country": "European Russia",
      "flag_no": "ru"
   },
   "RG2": {
      "country": "European Russia",
      "flag_no": "ru"
   },
   "RG3": {
      "country": "European Russia",
      "flag_no": "ru"
   },
   "RG4": {
      "country": "European Russia",
      "flag_no": "ru"
   },
   "RG5": {
      "country": "European Russia",
      "flag_no": "ru"
   },
   "RG6": {
      "country": "European Russia",
      "flag_no": "ru"
   },
   "RG7": {
      "country": "European Russia",
      "flag_no": "ru"
   },
   "RG8": {
      "country": "Asiatic Russia",
      "flag_no": "ru"
   },
   "RG9": {
      "country": "Asiatic Russia",
      "flag_no": "ru"
   },
   "RH0": {
      "country": "Asiatic Russia",
      "flag_no": "ru"
   },
   "RH1": {
      "country": "European Russia",
      "flag_no": "ru"
   },
   "RH2": {
      "country": "European Russia",
      "flag_no": "ru"
   },
   "RH3": {
      "country": "European Russia",
      "flag_no": "ru"
   },
   "RH4": {
      "country": "European Russia",
      "flag_no": "ru"
   },
   "RH5": {
      "country": "European Russia",
      "flag_no": "ru"
   },
   "RH6": {
      "country": "European Russia",
      "flag_no": "ru"
   },
   "RH7": {
      "country": "European Russia",
      "flag_no": "ru"
   },
   "RH8": {
      "country": "Asiatic Russia",
      "flag_no": "ru"
   },
   "RH9": {
      "country": "Asiatic Russia",
      "flag_no": "ru"
   },
   "RI0": {
      "country": "Asiatic Russia",
      "flag_no": "ru"
   },
   "RI1": {
      "country": "European Russia",
      "flag_no": "ru"
   },
   "RI2": {
      "country": "European Russia",
      "flag_no": "ru"
   },
   "RI3": {
      "country": "European Russia",
      "flag_no": "ru"
   },
   "RI4": {
      "country": "European Russia",
      "flag_no": "ru"
   },
   "RI5": {
      "country": "European Russia",
      "flag_no": "ru"
   },
   "RI6": {
      "country": "European Russia",
      "flag_no": "ru"
   },
   "RI7": {
      "country": "European Russia",
      "flag_no": "ru"
   },
   "RI8": {
      "country": "Asiatic Russia",
      "flag_no": "ru"
   },
   "RI9": {
      "country": "Asiatic Russia",
      "flag_no": "ru"
   },
   "RJ0": {
      "country": "Asiatic Russia",
      "flag_no": "ru"
   },
   "RJ1": {
      "country": "European Russia",
      "flag_no": "ru"
   },
   "RJ2": {
      "country": "European Russia",
      "flag_no": "ru"
   },
   "RJ3": {
      "country": "European Russia",
      "flag_no": "ru"
   },
   "RJ4": {
      "country": "European Russia",
      "flag_no": "ru"
   },
   "RJ5": {
      "country": "European Russia",
      "flag_no": "ru"
   },
   "RJ6": {
      "country": "European Russia",
      "flag_no": "ru"
   },
   "RJ7": {
      "country": "European Russia",
      "flag_no": "ru"
   },
   "RJ8": {
      "country": "Asiatic Russia",
      "flag_no": "ru"
   },
   "RJ9": {
      "country": "Asiatic Russia",
      "flag_no": "ru"
   },
   "RK0": {
      "country": "Asiatic Russia",
      "flag_no": "ru"
   },
   "RK1": {
      "country": "European Russia",
      "flag_no": "ru"
   },
   "RK2": {
      "country": "European Russia",
      "flag_no": "ru"
   },
   "RK3": {
      "country": "European Russia",
      "flag_no": "ru"
   },
   "RK4": {
      "country": "European Russia",
      "flag_no": "ru"
   },
   "RK5": {
      "country": "European Russia",
      "flag_no": "ru"
   },
   "RK6": {
      "country": "European Russia",
      "flag_no": "ru"
   },
   "RK7": {
      "country": "European Russia",
      "flag_no": "ru"
   },
   "RK8": {
      "country": "Asiatic Russia",
      "flag_no": "ru"
   },
   "RK9": {
      "country": "Asiatic Russia",
      "flag_no": "ru"
   },
   "RL0": {
      "country": "Asiatic Russia",
      "flag_no": "ru"
   },
   "RL1": {
      "country": "European Russia",
      "flag_no": "ru"
   },
   "RL2": {
      "country": "European Russia",
      "flag_no": "ru"
   },
   "RL3": {
      "country": "European Russia",
      "flag_no": "ru"
   },
   "RL4": {
      "country": "European Russia",
      "flag_no": "ru"
   },
   "RL5": {
      "country": "European Russia",
      "flag_no": "ru"
   },
   "RL6": {
      "country": "European Russia",
      "flag_no": "ru"
   },
   "RL7": {
      "country": "European Russia",
      "flag_no": "ru"
   },
   "RL8": {
      "country": "Asiatic Russia",
      "flag_no": "ru"
   },
   "RL9": {
      "country": "Asiatic Russia",
      "flag_no": "ru"
   },
   "RM0": {
      "country": "Asiatic Russia",
      "flag_no": "ru"
   },
   "RM1": {
      "country": "European Russia",
      "flag_no": "ru"
   },
   "RM2": {
      "country": "European Russia",
      "flag_no": "ru"
   },
   "RM3": {
      "country": "European Russia",
      "flag_no": "ru"
   },
   "RM4": {
      "country": "European Russia",
      "flag_no": "ru"
   },
   "RM5": {
      "country": "European Russia",
      "flag_no": "ru"
   },
   "RM6": {
      "country": "European Russia",
      "flag_no": "ru"
   },
   "RM7": {
      "country": "European Russia",
      "flag_no": "ru"
   },
   "RM8": {
      "country": "Asiatic Russia",
      "flag_no": "ru"
   },
   "RM9": {
      "country": "Asiatic Russia",
      "flag_no": "ru"
   },
   "RN0": {
      "country": "Asiatic Russia",
      "flag_no": "ru"
   },
   "RN1": {
      "country": "European Russia",
      "flag_no": "ru"
   },
   "RN2": {
      "country": "European Russia",
      "flag_no": "ru"
   },
   "RN3": {
      "country": "European Russia",
      "flag_no": "ru"
   },
   "RN4": {
      "country": "European Russia",
      "flag_no": "ru"
   },
   "RN5": {
      "country": "European Russia",
      "flag_no": "ru"
   },
   "RN6": {
      "country": "European Russia",
      "flag_no": "ru"
   },
   "RN7": {
      "country": "European Russia",
      "flag_no": "ru"
   },
   "RN8": {
      "country": "Asiatic Russia",
      "flag_no": "ru"
   },
   "RN9": {
      "country": "Asiatic Russia",
      "flag_no": "ru"
   },
   "RO0": {
      "country": "Asiatic Russia",
      "flag_no": "ru"
   },
   "RO1": {
      "country": "European Russia",
      "flag_no": "ru"
   },
   "RO2": {
      "country": "European Russia",
      "flag_no": "ru"
   },
   "RO3": {
      "country": "European Russia",
      "flag_no": "ru"
   },
   "RO4": {
      "country": "European Russia",
      "flag_no": "ru"
   },
   "RO5": {
      "country": "European Russia",
      "flag_no": "ru"
   },
   "RO6": {
      "country": "European Russia",
      "flag_no": "ru"
   },
   "RO7": {
      "country": "European Russia",
      "flag_no": "ru"
   },
   "RO8": {
      "country": "Asiatic Russia",
      "flag_no": "ru"
   },
   "RO9": {
      "country": "Asiatic Russia",
      "flag_no": "ru"
   },
   "RP0": {
      "country": "Asiatic Russia",
      "flag_no": "ru"
   },
   "RP1": {
      "country": "European Russia",
      "flag_no": "ru"
   },
   "RP2": {
      "country": "European Russia",
      "flag_no": "ru"
   },
   "RP3": {
      "country": "European Russia",
      "flag_no": "ru"
   },
   "RP4": {
      "country": "European Russia",
      "flag_no": "ru"
   },
   "RP5": {
      "country": "European Russia",
      "flag_no": "ru"
   },
   "RP6": {
      "country": "European Russia",
      "flag_no": "ru"
   },
   "RP7": {
      "country": "European Russia",
      "flag_no": "ru"
   },
   "RP8": {
      "country": "Asiatic Russia",
      "flag_no": "ru"
   },
   "RP9": {
      "country": "Asiatic Russia",
      "flag_no": "ru"
   },
   "RQ0": {
      "country": "Asiatic Russia",
      "flag_no": "ru"
   },
   "RQ1": {
      "country": "European Russia",
      "flag_no": "ru"
   },
   "RQ2": {
      "country": "European Russia",
      "flag_no": "ru"
   },
   "RQ3": {
      "country": "European Russia",
      "flag_no": "ru"
   },
   "RQ4": {
      "country": "European Russia",
      "flag_no": "ru"
   },
   "RQ5": {
      "country": "European Russia",
      "flag_no": "ru"
   },
   "RQ6": {
      "country": "European Russia",
      "flag_no": "ru"
   },
   "RQ7": {
      "country": "European Russia",
      "flag_no": "ru"
   },
   "RQ8": {
      "country": "Asiatic Russia",
      "flag_no": "ru"
   },
   "RQ9": {
      "country": "Asiatic Russia",
      "flag_no": "ru"
   },
   "RR0": {
      "country": "Asiatic Russia",
      "flag_no": "ru"
   },
   "RR1": {
      "country": "European Russia",
      "flag_no": "ru"
   },
   "RR2": {
      "country": "European Russia",
      "flag_no": "ru"
   },
   "RR3": {
      "country": "European Russia",
      "flag_no": "ru"
   },
   "RR4": {
      "country": "European Russia",
      "flag_no": "ru"
   },
   "RR5": {
      "country": "European Russia",
      "flag_no": "ru"
   },
   "RR6": {
      "country": "European Russia",
      "flag_no": "ru"
   },
   "RR7": {
      "country": "European Russia",
      "flag_no": "ru"
   },
   "RR8": {
      "country": "Asiatic Russia",
      "flag_no": "ru"
   },
   "RR9": {
      "country": "Asiatic Russia",
      "flag_no": "ru"
   },
   "RS0": {
      "country": "Asiatic Russia",
      "flag_no": "ru"
   },
   "RS1": {
      "country": "European Russia",
      "flag_no": "ru"
   },
   "RS2": {
      "country": "European Russia",
      "flag_no": "ru"
   },
   "RS3": {
      "country": "European Russia",
      "flag_no": "ru"
   },
   "RS4": {
      "country": "European Russia",
      "flag_no": "ru"
   },
   "RS5": {
      "country": "European Russia",
      "flag_no": "ru"
   },
   "RS6": {
      "country": "European Russia",
      "flag_no": "ru"
   },
   "RS7": {
      "country": "European Russia",
      "flag_no": "ru"
   },
   "RS8": {
      "country": "Asiatic Russia",
      "flag_no": "ru"
   },
   "RS9": {
      "country": "Asiatic Russia",
      "flag_no": "ru"
   },
   "RT0": {
      "country": "Asiatic Russia",
      "flag_no": "ru"
   },
   "RT1": {
      "country": "European Russia",
      "flag_no": "ru"
   },
   "RT2": {
      "country": "European Russia",
      "flag_no": "ru"
   },
   "RT3": {
      "country": "European Russia",
      "flag_no": "ru"
   },
   "RT4": {
      "country": "European Russia",
      "flag_no": "ru"
   },
   "RT5": {
      "country": "European Russia",
      "flag_no": "ru"
   },
   "RT6": {
      "country": "European Russia",
      "flag_no": "ru"
   },
   "RT7": {
      "country": "European Russia",
      "flag_no": "ru"
   },
   "RT8": {
      "country": "Asiatic Russia",
      "flag_no": "ru"
   },
   "RT9": {
      "country": "Asiatic Russia",
      "flag_no": "ru"
   },
   "RU0": {
      "country": "Asiatic Russia",
      "flag_no": "ru"
   },
   "RU1": {
      "country": "European Russia",
      "flag_no": "ru"
   },
   "RU2": {
      "country": "European Russia",
      "flag_no": "ru"
   },
   "RU3": {
      "country": "European Russia",
      "flag_no": "ru"
   },
   "RU4": {
      "country": "European Russia",
      "flag_no": "ru"
   },
   "RU5": {
      "country": "European Russia",
      "flag_no": "ru"
   },
   "RU6": {
      "country": "European Russia",
      "flag_no": "ru"
   },
   "RU7": {
      "country": "European Russia",
      "flag_no": "ru"
   },
   "RU8": {
      "country": "Asiatic Russia",
      "flag_no": "ru"
   },
   "RU9": {
      "country": "Asiatic Russia",
      "flag_no": "ru"
   },
   "RV0": {
      "country": "Asiatic Russia",
      "flag_no": "ru"
   },
   "RV1": {
      "country": "European Russia",
      "flag_no": "ru"
   },
   "RV2": {
      "country": "European Russia",
      "flag_no": "ru"
   },
   "RV3": {
      "country": "European Russia",
      "flag_no": "ru"
   },
   "RV4": {
      "country": "European Russia",
      "flag_no": "ru"
   },
   "RV5": {
      "country": "European Russia",
      "flag_no": "ru"
   },
   "RV6": {
      "country": "European Russia",
      "flag_no": "ru"
   },
   "RV7": {
      "country": "European Russia",
      "flag_no": "ru"
   },
   "RV8": {
      "country": "Asiatic Russia",
      "flag_no": "ru"
   },
   "RV9": {
      "country": "Asiatic Russia",
      "flag_no": "ru"
   },
   "RW0": {
      "country": "Asiatic Russia",
      "flag_no": "ru"
   },
   "RW1": {
      "country": "European Russia",
      "flag_no": "ru"
   },
   "RW2": {
      "country": "European Russia",
      "flag_no": "ru"
   },
   "RW3": {
      "country": "European Russia",
      "flag_no": "ru"
   },
   "RW4": {
      "country": "European Russia",
      "flag_no": "ru"
   },
   "RW5": {
      "country": "European Russia",
      "flag_no": "ru"
   },
   "RW6": {
      "country": "European Russia",
      "flag_no": "ru"
   },
   "RW7": {
      "country": "European Russia",
      "flag_no": "ru"
   },
   "RW8": {
      "country": "Asiatic Russia",
      "flag_no": "ru"
   },
   "RW9": {
      "country": "Asiatic Russia",
      "flag_no": "ru"
   },
   "RX0": {
      "country": "Asiatic Russia",
      "flag_no": "ru"
   },
   "RX1": {
      "country": "European Russia",
      "flag_no": "ru"
   },
   "RX2": {
      "country": "European Russia",
      "flag_no": "ru"
   },
   "RX3": {
      "country": "European Russia",
      "flag_no": "ru"
   },
   "RX4": {
      "country": "European Russia",
      "flag_no": "ru"
   },
   "RX5": {
      "country": "European Russia",
      "flag_no": "ru"
   },
   "RX6": {
      "country": "European Russia",
      "flag_no": "ru"
   },
   "RX7": {
      "country": "European Russia",
      "flag_no": "ru"
   },
   "RX8": {
      "country": "Asiatic Russia",
      "flag_no": "ru"
   },
   "RX9": {
      "country": "Asiatic Russia",
      "flag_no": "ru"
   },
   "RY0": {
      "country": "Asiatic Russia",
      "flag_no": "ru"
   },
   "RY1": {
      "country": "European Russia",
      "flag_no": "ru"
   },
   "RY2": {
      "country": "European Russia",
      "flag_no": "ru"
   },
   "RY3": {
      "country": "European Russia",
      "flag_no": "ru"
   },
   "RY4": {
      "country": "European Russia",
      "flag_no": "ru"
   },
   "RY5": {
      "country": "European Russia",
      "flag_no": "ru"
   },
   "RY6": {
      "country": "European Russia",
      "flag_no": "ru"
   },
   "RY7": {
      "country": "European Russia",
      "flag_no": "ru"
   },
   "RY8": {
      "country": "Asiatic Russia",
      "flag_no": "ru"
   },
   "RY9": {
      "country": "Asiatic Russia",
      "flag_no": "ru"
   },
   "RZ0": {
      "country": "Asiatic Russia",
      "flag_no": "ru"
   },
   "RZ1": {
      "country": "European Russia",
      "flag_no": "ru"
   },
   "RZ2": {
      "country": "European Russia",
      "flag_no": "ru"
   },
   "RZ3": {
      "country": "European Russia",
      "flag_no": "ru"
   },
   "RZ4": {
      "country": "European Russia",
      "flag_no": "ru"
   },
   "RZ5": {
      "country": "European Russia",
      "flag_no": "ru"
   },
   "RZ6": {
      "country": "European Russia",
      "flag_no": "ru"
   },
   "RZ7": {
      "country": "European Russia",
      "flag_no": "ru"
   },
   "RZ8": {
      "country": "Asiatic Russia",
      "flag_no": "ru"
   },
   "RZ9": {
      "country": "Asiatic Russia",
      "flag_no": "ru"
   },
   "S0": {
      "country": "Western Sahara",
      "flag_no": "eh"
   },
   "S2": {
      "country": "Bangladesh",
      "flag_no": "bd"
   },
   "S5": {
      "country": "Slovenia",
      "flag_no": "si"
   },
   "S7": {
      "country": "Seychelles",
      "flag_no": "sc"
   },
   "S9": {
      "country": "Sao Tome and Principe",
      "flag_no": "st"
   },
   "SA": {
      "country": "Sweden",
      "flag_no": "se"
   },
   "SB": {
      "country": "Sweden",
      "flag_no": "se"
   },
   "SC": {
      "country": "Sweden",
      "flag_no": "se"
   },
   "SD": {
      "country": "Sweden",
      "flag_no": "se"
   },
   "SE": {
      "country": "Sweden",
      "flag_no": "se"
   },
   "SF": {
      "country": "Sweden",
      "flag_no": "se"
   },
   "SG": {
      "country": "Sweden",
      "flag_no": "se"
   },
   "SH": {
      "country": "Sweden",
      "flag_no": "se"
   },
   "SI": {
      "country": "Sweden",
      "flag_no": "se"
   },
   "SJ": {
      "country": "Sweden",
      "flag_no": "se"
   },
   "SK": {
      "country": "Sweden",
      "flag_no": "se"
   },
   "SL": {
      "country": "Sweden",
      "flag_no": "se"
   },
   "SM": {
      "country": "Sweden",
      "flag_no": "se"
   },
   "SN": {
      "country": "Poland",
      "flag_no": "pl"
   },
   "SO": {
      "country": "Poland",
      "flag_no": "pl"
   },
   "SP": {
      "country": "Poland",
      "flag_no": "pl"
   },
   "SQ": {
      "country": "Poland",
      "flag_no": "pl"
   },
   "SR": {
      "country": "Poland",
      "flag_no": "pl"
   },
   "ST": {
      "country": "Sudan",
      "flag_no": "sd"
   },
   "SU": {
      "country": "Egypt",
      "flag_no": "eg"
   },
   "SV": {
      "country": "Greece",
      "flag_no": "gr"
   },
   "SV5": {
      "country": "Dodecanese",
      "flag_no": "gr"
   },
   "SV9": {
      "country": "Crete",
      "flag_no": "gr"
   },
   "SW": {
      "country": "Greece",
      "flag_no": "gr"
   },
   "SX": {
      "country": "Greece",
      "flag_no": "gr"
   },
   "SY": {
      "country": "Greece",
      "flag_no": "gr"
   },
   "SZ": {
      "country": "Greece",
      "flag_no": "gr"
   },
   "T2": {
      "country": "Tuvalu",
      "flag_no": "tv"
   },
   "T30": {
      "country": "Western Kiribati (Gilbert Island)",
      "flag_no": "ki"
   },
   "T31": {
      "country": "Central Kiribati (British Phoenix Island)",
      "flag_no": "ki"
   },
   "T32": {
      "country": "Eastern Kiribati (Line Island)",
      "flag_no": "ki"
   },
   "T33": {
      "country": "Banaba Island (Ocean Island)",
      "flag_no": "ki"
   },
   "T5": {
      "country": "Somalia",
      "flag_no": "so"
   },
   "T6": {
      "country": "Afghanistan",
      "flag_no": "af"
   },
   "T7": {
      "country": "San Marino",
      "flag_no": "sm"
   },
   "T8": {
      "country": "Palau",
      "flag_no": "pw"
   },
   "TA": {
      "country": "Turkey",
      "flag_no": "tr"
   },
   "TB": {
      "country": "Turkey",
      "flag_no": "tr"
   },
   "TC": {
      "country": "Turkey",
      "flag_no": "tr"
   },
   "TD": {
      "country": "Guatemala",
      "flag_no": "gt"
   },
   "TE": {
      "country": "Costa Rica",
      "flag_no": "cr"
   },
   "TF": {
      "country": "Iceland",
      "flag_no": "is"
   },
   "TG": {
      "country": "Guatemala",
      "flag_no": "gt"
   },
   "TI": {
      "country": "Costa Rica",
      "flag_no": "cr"
   },
   "TI9": {
      "country": "Cocos Island",
      "flag_no": "cs"
   },
   "TJ": {
      "country": "Cameroon",
      "flag_no": "cm"
   },
   "TK": {
      "country": "Corsica",
      "flag_no": "fr"
   },
   "TL": {
      "country": "Central African Republic",
      "flag_no": "cf"
   },
   "TN": {
      "country": "Congo",
      "flag_no": "cg"
   },
   "TR": {
      "country": "Gabon",
      "flag_no": "ga"
   },
   "TT": {
      "country": "Chad",
      "flag_no": "td"
   },
   "TU": {
      "country": "Cote d'Ivoire",
      "flag_no": "ci"
   },
   "TX": {
      "country": "French Polynesia",
      "flag_no": "pf"
   },
   "TY": {
      "country": "Benin",
      "flag_no": "bj"
   },
   "TZ": {
      "country": "Mali",
      "flag_no": "ml"
   },
   "UA0": {
      "country": "Asiatic Russia",
      "flag_no": "ru"
   },
   "UA1": {
      "country": "European Russia",
      "flag_no": "ru"
   },
   "UA2": {
      "country": "Kaliningrad",
      "flag_no": "ru"
   },
   "UA3": {
      "country": "European Russia",
      "flag_no": "ru"
   },
   "UA4": {
      "country": "European Russia",
      "flag_no": "ru"
   },
   "UA5": {
      "country": "European Russia",
      "flag_no": "ru"
   },
   "UA6": {
      "country": "European Russia",
      "flag_no": "ru"
   },
   "UA7": {
      "country": "European Russia",
      "flag_no": "ru"
   },
   "UA8": {
      "country": "Asiatic Russia",
      "flag_no": "ru"
   },
   "UA9": {
      "country": "Asiatic Russia",
      "flag_no": "ru"
   },
   "UB0": {
      "country": "Asiatic Russia",
      "flag_no": "ru"
   },
   "UB1": {
      "country": "European Russia",
      "flag_no": "ru"
   },
   "UB2": {
      "country": "European Russia",
      "flag_no": "ru"
   },
   "UB3": {
      "country": "European Russia",
      "flag_no": "ru"
   },
   "UB4": {
      "country": "European Russia",
      "flag_no": "ru"
   },
   "UB5": {
      "country": "European Russia",
      "flag_no": "ru"
   },
   "UB6": {
      "country": "European Russia",
      "flag_no": "ru"
   },
   "UB7": {
      "country": "European Russia",
      "flag_no": "ru"
   },
   "UB8": {
      "country": "Asiatic Russia",
      "flag_no": "ru"
   },
   "UB9": {
      "country": "Asiatic Russia",
      "flag_no": "ru"
   },
   "UC0": {
      "country": "Asiatic Russia",
      "flag_no": "ru"
   },
   "UC1": {
      "country": "European Russia",
      "flag_no": "ru"
   },
   "UC2": {
      "country": "European Russia",
      "flag_no": "ru"
   },
   "UC3": {
      "country": "European Russia",
      "flag_no": "ru"
   },
   "UC4": {
      "country": "European Russia",
      "flag_no": "ru"
   },
   "UC5": {
      "country": "European Russia",
      "flag_no": "ru"
   },
   "UC6": {
      "country": "European Russia",
      "flag_no": "ru"
   },
   "UC7": {
      "country": "European Russia",
      "flag_no": "ru"
   },
   "UC8": {
      "country": "Asiatic Russia",
      "flag_no": "ru"
   },
   "UC9": {
      "country": "Asiatic Russia",
      "flag_no": "ru"
   },
   "UD0": {
      "country": "Asiatic Russia",
      "flag_no": "ru"
   },
   "UD1": {
      "country": "European Russia",
      "flag_no": "ru"
   },
   "UD2": {
      "country": "European Russia",
      "flag_no": "ru"
   },
   "UD3": {
      "country": "European Russia",
      "flag_no": "ru"
   },
   "UD4": {
      "country": "European Russia",
      "flag_no": "ru"
   },
   "UD5": {
      "country": "European Russia",
      "flag_no": "ru"
   },
   "UD6": {
      "country": "European Russia",
      "flag_no": "ru"
   },
   "UD7": {
      "country": "European Russia",
      "flag_no": "ru"
   },
   "UD8": {
      "country": "Asiatic Russia",
      "flag_no": "ru"
   },
   "UD9": {
      "country": "Asiatic Russia",
      "flag_no": "ru"
   },
   "UE0": {
      "country": "Asiatic Russia",
      "flag_no": "ru"
   },
   "UE1": {
      "country": "European Russia",
      "flag_no": "ru"
   },
   "UE2": {
      "country": "European Russia",
      "flag_no": "ru"
   },
   "UE3": {
      "country": "European Russia",
      "flag_no": "ru"
   },
   "UE4": {
      "country": "European Russia",
      "flag_no": "ru"
   },
   "UE5": {
      "country": "European Russia",
      "flag_no": "ru"
   },
   "UE6": {
      "country": "European Russia",
      "flag_no": "ru"
   },
   "UE7": {
      "country": "European Russia",
      "flag_no": "ru"
   },
   "UE8": {
      "country": "Asiatic Russia",
      "flag_no": "ru"
   },
   "UE9": {
      "country": "Asiatic Russia",
      "flag_no": "ru"
   },
   "UF0": {
      "country": "Asiatic Russia",
      "flag_no": "ru"
   },
   "UF1": {
      "country": "European Russia",
      "flag_no": "ru"
   },
   "UF2": {
      "country": "European Russia",
      "flag_no": "ru"
   },
   "UF3": {
      "country": "European Russia",
      "flag_no": "ru"
   },
   "UF4": {
      "country": "European Russia",
      "flag_no": "ru"
   },
   "UF5": {
      "country": "European Russia",
      "flag_no": "ru"
   },
   "UF6": {
      "country": "European Russia",
      "flag_no": "ru"
   },
   "UF7": {
      "country": "European Russia",
      "flag_no": "ru"
   },
   "UF8": {
      "country": "Asiatic Russia",
      "flag_no": "ru"
   },
   "UF9": {
      "country": "Asiatic Russia",
      "flag_no": "ru"
   },
   "UG0": {
      "country": "Asiatic Russia",
      "flag_no": "ru"
   },
   "UG1": {
      "country": "European Russia",
      "flag_no": "ru"
   },
   "UG2": {
      "country": "European Russia",
      "flag_no": "ru"
   },
   "UG3": {
      "country": "European Russia",
      "flag_no": "ru"
   },
   "UG4": {
      "country": "European Russia",
      "flag_no": "ru"
   },
   "UG5": {
      "country": "European Russia",
      "flag_no": "ru"
   },
   "UG6": {
      "country": "European Russia",
      "flag_no": "ru"
   },
   "UG7": {
      "country": "European Russia",
      "flag_no": "ru"
   },
   "UG8": {
      "country": "Asiatic Russia",
      "flag_no": "ru"
   },
   "UG9": {
      "country": "Asiatic Russia",
      "flag_no": "ru"
   },
   "UH0": {
      "country": "Asiatic Russia",
      "flag_no": "ru"
   },
   "UH1": {
      "country": "European Russia",
      "flag_no": "ru"
   },
   "UH2": {
      "country": "European Russia",
      "flag_no": "ru"
   },
   "UH3": {
      "country": "European Russia",
      "flag_no": "ru"
   },
   "UH4": {
      "country": "European Russia",
      "flag_no": "ru"
   },
   "UH5": {
      "country": "European Russia",
      "flag_no": "ru"
   },
   "UH6": {
      "country": "European Russia",
      "flag_no": "ru"
   },
   "UH7": {
      "country": "European Russia",
      "flag_no": "ru"
   },
   "UH8": {
      "country": "Asiatic Russia",
      "flag_no": "ru"
   },
   "UH9": {
      "country": "Asiatic Russia",
      "flag_no": "ru"
   },
   "UI0": {
      "country": "Asiatic Russia",
      "flag_no": "ru"
   },
   "UI1": {
      "country": "European Russia",
      "flag_no": "ru"
   },
   "UI2": {
      "country": "European Russia",
      "flag_no": "ru"
   },
   "UI3": {
      "country": "European Russia",
      "flag_no": "ru"
   },
   "UI4": {
      "country": "European Russia",
      "flag_no": "ru"
   },
   "UI5": {
      "country": "European Russia",
      "flag_no": "ru"
   },
   "UI6": {
      "country": "European Russia",
      "flag_no": "ru"
   },
   "UI7": {
      "country": "European Russia",
      "flag_no": "ru"
   },
   "UI8": {
      "country": "Asiatic Russia",
      "flag_no": "ru"
   },
   "UI9": {
      "country": "Asiatic Russia",
      "flag_no": "ru"
   },
   "UJ": {
      "country": "Uzbekistan",
      "flag_no": "uz"
   },
   "UK": {
      "country": "Uzbekistan",
      "flag_no": "uz"
   },
   "UL": {
      "country": "Uzbekistan",
      "flag_no": "uz"
   },
   "UM": {
      "country": "Uzbekistan",
      "flag_no": "uz"
   },
   "UN": {
      "country": "Kazakhstan",
      "flag_no": "kz"
   },
   "UO": {
      "country": "Kazakhstan",
      "flag_no": "kz"
   },
   "UP": {
      "country": "Kazakhstan",
      "flag_no": "kz"
   },
   "UQ": {
      "country": "Kazakhstan",
      "flag_no": "kz"
   },
   "UR": {
      "country": "Ukraine",
      "flag_no": "ua"
   },
   "US": {
      "country": "Ukraine",
      "flag_no": "ua"
   },
   "UT": {
      "country": "Ukraine",
      "flag_no": "ua"
   },
   "UU": {
      "country": "Ukraine",
      "flag_no": "ua"
   },
   "UV": {
      "country": "Ukraine",
      "flag_no": "ua"
   },
   "UW": {
      "country": "Ukraine",
      "flag_no": "ua"
   },
   "UX": {
      "country": "Ukraine",
      "flag_no": "ua"
   },
   "UY": {
      "country": "Ukraine",
      "flag_no": "ua"
   },
   "UZ": {
      "country": "Ukraine",
      "flag_no": "ua"
   },
   "V2": {
      "country": "Antigua and Barbuda",
      "flag_no": "ag"
   },
   "V3": {
      "country": "Belize",
      "flag_no": "bz"
   },
   "V4": {
      "country": "Saint Kitts and Nevis",
      "flag_no": "kn"
   },
   "V5": {
      "country": "Namibia",
      "flag_no": "na"
   },
   "V6": {
      "country": "Micronesia Federated States of",
      "flag_no": "fm"
   },
   "V7": {
      "country": "Marshall Islands",
      "flag_no": "mh"
   },
   "V8": {
      "country": "Brunei Darussalam",
      "flag_no": "bn"
   },
   "VA": {
      "country": "Canada",
      "flag_no": "ca"
   },
   "VB": {
      "country": "Canada",
      "flag_no": "ca"
   },
   "VC": {
      "country": "Canada",
      "flag_no": "ca"
   },
   "VD": {
      "country": "Canada",
      "flag_no": "ca"
   },
   "VE": {
      "country": "Canada",
      "flag_no": "ca"
   },
   "VF": {
      "country": "Canada",
      "flag_no": "ca"
   },
   "VG": {
      "country": "Canada",
      "flag_no": "ca"
   },
   "VK": {
      "country": "Australia",
      "flag_no": "au"
   },
   "VK0": {
      "country": "Heard Island and McDonald Islands",
      "flag_no": "hm"
   },
   "VK9C": {
      "country": "Cocos (Keeling) Islands",
      "flag_no": "cc"
   },
   "VK9L": {
      "country": "Lord Howe Island",
      "flag_no": "au"
   },
   "VK9M": {
      "country": "Mellish Reef",
      "flag_no": "au"
   },
   "VK9N": {
      "country": "Norfolk Island",
      "flag_no": "nf"
   },
   "VK9W": {
      "country": "Willis Island",
      "flag_no": "au"
   },
   "VK9X": {
      "country": "Christmas Island",
      "flag_no": "cx"
   },
   "VO": {
      "country": "Canada",
      "flag_no": "ca"
   },
   "VP2E": {
      "country": "Anguilla",
      "flag_no": "ai"
   },
   "VP2M": {
      "country": "Montserrat",
      "flag_no": "ms"
   },
   "VP2V": {
      "country": "Virgin Islands British",
      "flag_no": "vg"
   },
   "VP5": {
      "country": "Turks and Caicos Islands",
      "flag_no": "tc"
   },
   "VP6": {
      "country": "Pitcairn",
      "flag_no": "pn"
   },
   "VP8": {
      "country": "Falkland Islands (Malvinas)",
      "flag_no": "fk"
   },
   "VP8S": {
      "country": "South Georgia and the South Sandwich Islands",
      "flag_no": "gs"
   },
   "VP9": {
      "country": "Bermuda",
      "flag_no": "bm"
   },
   "VQ9": {
      "country": "Chagos Islands",
      "flag_no": "hg"
   },
   "VR": {
      "country": "Hong Kong",
      "flag_no": "hk"
   },
   "VU": {
      "country": "India",
      "flag_no": "in"
   },
   "VU4": {
      "country": "Andaman & Nicobar Islands",
      "flag_no": "in"
   },
   "VU7": {
      "country": "Lakshadweep Islands",
      "flag_no": "in"
   },
   "VY": {
      "country": "Canada",
      "flag_no": "ca"
   },
   "W0": {
      "country": "United States",
      "flag_no": "us"
   },
   "W1": {
      "country": "United States",
      "flag_no": "us"
   },
   "W2": {
      "country": "United States",
      "flag_no": "us"
   },
   "W3": {
      "country": "United States",
      "flag_no": "us"
   },
   "W4": {
      "country": "United States",
      "flag_no": "us"
   },
   "W5": {
      "country": "United States",
      "flag_no": "us"
   },
   "W6": {
      "country": "United States",
      "flag_no": "us"
   },
   "W7": {
      "country": "United States",
      "flag_no": "us"
   },
   "W8": {
      "country": "United States",
      "flag_no": "us"
   },
   "W9": {
      "country": "United States",
      "flag_no": "us"
   },
   "WA": {
      "country": "United States",
      "flag_no": "us"
   },
   "WB": {
      "country": "United States",
      "flag_no": "us"
   },
   "WC": {
      "country": "United States",
      "flag_no": "us"
   },
   "WD": {
      "country": "United States",
      "flag_no": "us"
   },
   "WE": {
      "country": "United States",
      "flag_no": "us"
   },
   "WF": {
      "country": "United States",
      "flag_no": "us"
   },
   "WG": {
      "country": "United States",
      "flag_no": "us"
   },
   "WH": {
      "country": "United States",
      "flag_no": "us"
   },
   "WI": {
      "country": "United States",
      "flag_no": "us"
   },
   "WJ": {
      "country": "United States",
      "flag_no": "us"
   },
   "WK": {
      "country": "United States",
      "flag_no": "us"
   },
   "WL": {
      "country": "Alaska",
      "flag_no": "us"
   },
   "WM": {
      "country": "United States",
      "flag_no": "us"
   },
   "WN": {
      "country": "United States",
      "flag_no": "us"
   },
   "WO": {
      "country": "United States",
      "flag_no": "us"
   },
   "WP": {
      "country": "United States",
      "flag_no": "us"
   },
   "WQ": {
      "country": "United States",
      "flag_no": "us"
   },
   "WR": {
      "country": "United States",
      "flag_no": "us"
   },
   "WS": {
      "country": "United States",
      "flag_no": "us"
   },
   "WT": {
      "country": "United States",
      "flag_no": "us"
   },
   "WU": {
      "country": "United States",
      "flag_no": "us"
   },
   "WV": {
      "country": "United States",
      "flag_no": "us"
   },
   "WW": {
      "country": "United States",
      "flag_no": "us"
   },
   "WX": {
      "country": "United States",
      "flag_no": "us"
   },
   "WY": {
      "country": "United States",
      "flag_no": "us"
   },
   "WZ": {
      "country": "United States",
      "flag_no": "us"
   },
   "XA": {
      "country": "Mexico",
      "flag_no": "mx"
   },
   "XA4": {
      "country": "Revillagigedo Islands",
      "flag_no": "mx"
   },
   "XB": {
      "country": "Mexico",
      "flag_no": "mx"
   },
   "XB4": {
      "country": "Revillagigedo Islands",
      "flag_no": "mx"
   },
   "XC": {
      "country": "Mexico",
      "flag_no": "mx"
   },
   "XC4": {
      "country": "Revillagigedo Islands",
      "flag_no": "mx"
   },
   "XD": {
      "country": "Mexico",
      "flag_no": "mx"
   },
   "XD4": {
      "country": "Revillagigedo Islands",
      "flag_no": "mx"
   },
   "XE": {
      "country": "Mexico",
      "flag_no": "mx"
   },
   "XE4": {
      "country": "Revillagigedo Islands",
      "flag_no": "mx"
   },
   "XF": {
      "country": "Mexico",
      "flag_no": "mx"
   },
   "XF4": {
      "country": "Revillagigedo Islands",
      "flag_no": "mx"
   },
   "XG": {
      "country": "Mexico",
      "flag_no": "mx"
   },
   "XG4": {
      "country": "Revillagigedo Islands",
      "flag_no": "mx"
   },
   "XH": {
      "country": "Mexico",
      "flag_no": "mx"
   },
   "XH4": {
      "country": "Revillagigedo Islands",
      "flag_no": "mx"
   },
   "XI": {
      "country": "Mexico",
      "flag_no": "mx"
   },
   "XI4": {
      "country": "Revillagigedo Islands",
      "flag_no": "mx"
   },
   "XQ": {
      "country": "Chile",
      "flag_no": "cl"
   },
   "XR": {
      "country": "Chile",
      "flag_no": "cl"
   },
   "XRF": {
      "country": "GATE",
      "flag_no": "gate"
   },
   "XT": {
      "country": "Burkina Faso",
      "flag_no": "bf"
   },
   "XU": {
      "country": "Cambodia",
      "flag_no": "kh"
   },
   "XV": {
      "country": "Viet Nam",
      "flag_no": "vn"
   },
   "XW": {
      "country": "Lao People's Democratic Republic",
      "flag_no": "la"
   },
   "XX9": {
      "country": "Macao",
      "flag_no": "mo"
   },
   "XY": {
      "country": "Myanmar",
      "flag_no": "mm"
   },
   "XZ": {
      "country": "Myanmar",
      "flag_no": "mm"
   },
   "YA": {
      "country": "Afghanistan",
      "flag_no": "af"
   },
   "YB": {
      "country": "Indonesia",
      "flag_no": "id"
   },
   "YC": {
      "country": "Indonesia",
      "flag_no": "id"
   },
   "YD": {
      "country": "Indonesia",
      "flag_no": "id"
   },
   "YE": {
      "country": "Indonesia",
      "flag_no": "id"
   },
   "YF": {
      "country": "Indonesia",
      "flag_no": "id"
   },
   "YG": {
      "country": "Indonesia",
      "flag_no": "id"
   },
   "YH": {
      "country": "Indonesia",
      "flag_no": "id"
   },
   "YI": {
      "country": "Iraq",
      "flag_no": "iq"
   },
   "YJ": {
      "country": "Vanuatu",
      "flag_no": "vu"
   },
   "YK": {
      "country": "Syrian Arab Republic",
      "flag_no": "sy"
   },
   "YL": {
      "country": "Latvia",
      "flag_no": "lv"
   },
   "YN": {
      "country": "Nicaragua",
      "flag_no": "ni"
   },
   "YO": {
      "country": "Romania",
      "flag_no": "ro"
   },
   "YP": {
      "country": "Romania",
      "flag_no": "ro"
   },
   "YQ": {
      "country": "Romania",
      "flag_no": "ro"
   },
   "YR": {
      "country": "Romania",
      "flag_no": "ro"
   },
   "YS": {
      "country": "El Salvador",
      "flag_no": "sv"
   },
   "YT": {
      "country": "Serbia",
      "flag_no": "rs"
   },
   "YU": {
      "country": "Serbia",
      "flag_no": "rs"
   },
   "YV": {
      "country": "Venezuela Bolivarian Republic of",
      "flag_no": "ve"
   },
   "YV0": {
      "country": "Aves Island",
      "flag_no": "ve"
   },
   "YW": {
      "country": "Venezuela Bolivarian Republic of",
      "flag_no": "ve"
   },
   "YX": {
      "country": "Venezuela Bolivarian Republic of",
      "flag_no": "ve"
   },
   "YY": {
      "country": "Venezuela Bolivarian Republic of",
      "flag_no": "ve"
   },
   "Z2": {
      "country": "Zimbabwe",
      "flag_no": "zw"
   },
   "Z3": {
      "country": "Macedonia",
      "flag_no": "mk"
   },
   "Z8": {
      "country": "South Sudan",
      "flag_no": "ss"
   },
   "ZA": {
      "country": "Albania",
      "flag_no": "al"
   },
   "ZB2": {
      "country": "Gibraltar",
      "flag_no": "gi"
   },
   "ZC4": {
      "country": "UK Sov. Base Areas on Cyprus",
      "flag_no": "cy"
   },
   "ZD7": {
      "country": "Saint Helena",
      "flag_no": "sh"
   },
   "ZD8": {
      "country": "Ascension Island",
      "flag_no": "sh"
   },
   "ZD9": {
      "country": "Tristan da Cunha & Gough Island",
      "flag_no": "sh"
   },
   "ZF": {
      "country": "Cayman Islands",
      "flag_no": "ky"
   },
   "ZK2": {
      "country": "Niue",
      "flag_no": "nu"
   },
   "ZK3": {
      "country": "Tokelau",
      "flag_no": "tk"
   },
   "ZL": {
      "country": "New Zealand",
      "flag_no": "nz"
   },
   "ZL7": {
      "country": "Chatham Islands",
      "flag_no": "nz"
   },
   "ZL8": {
      "country": "Kermadec Islands",
      "flag_no": "nz"
   },
   "ZL9": {
      "country": "New Zealand Subantarctic Islands",
      "flag_no": "nz"
   },
   "ZM": {
      "country": "New Zealand",
      "flag_no": "nz"
   },
   "ZP": {
      "country": "Paraguay",
      "flag_no": "py"
   },
   "ZR": {
      "country": "South Africa",
      "flag_no": "za"
   },
   "ZS": {
      "country": "South Africa",
      "flag_no": "za"
   },
   "ZS8": {
      "country": "Prince Edward & Marion Islands",
      "flag_no": "za"
   },
   "ZT": {
      "country": "South Africa",
      "flag_no": "za"
   },
   "ZU": {
      "country": "South Africa",
      "flag_no": "za"
   },
   "ZV": {
      "country": "Brazil",
      "flag_no": "br"
   },
   "ZW": {
      "country": "Brazil",
      "flag_no": "br"
   },
   "ZX": {
      "country": "Brazil",
      "flag_no": "br"
   },
   "ZY": {
      "country": "Brazil",
      "flag_no": "br"
   },
   "ZZ": {
      "country": "Brazil",
      "flag_no": "br"
   }
}
