{
"tgs":    [
    { "disp": "Disconnect", "tg": "9999" },
    { "disp": "Parrot", "tg": "10" },
    { "disp": "World Wide", "tg": "10100" },
    { "disp": "North America", "tg": "10200" },
    { "disp": "North America TAC1", "tg": "10201" },
    { "disp": "Europe", "tg": "10300" },
    { "disp": "Europe TAC1", "tg": "10301" },
    { "disp": "DVSwitch", "tg": "3166" },
    { "disp": "Pacific", "tg": "10400" },
    { "disp": "Pacific TAC1", "tg": "10401" },
    { "disp": "Pacific TAC2", "tg": "10402" },
    { "disp": "Pacific TAC3", "tg": "10403" },
    { "disp": "Pacific TAC4", "tg": "10404" },
    { "disp": "HAMNET HAMCLOUD", "tg": "10310" },
    { "disp": "Wires-x,NXDN,YSF,XLX(D-Star & DMR),BM Bridge", "tg": "4" },
    { "disp": "Rural Minnesota - Bridge to TGIF707, YSF US RuralMN-707", "tg": "707" },
    { "disp": "VK7 TAS ", "tg": "5057" },
    { "disp": "Indiana Digital Ham Radio P25 Reflector", "tg": "6935" },
    { "disp": "Germany", "tg": "10320" },
    { "disp": "German Pegasus Project", "tg": "10328" },
    { "disp": "UK", "tg": "10342" },
    { "disp": "GB WARC", "tg": "10350" },
    { "disp": "Australia NSW Bridge to AU NSW YSF", "tg": "10700" },
    { "disp": "Austria", "tg": "23255" },
    { "disp": "Russia P25 Net", "tg": "25641" },
    { "disp": "America-Ragchew= 28299" },
    { "disp": "NorCal-Bridge / Multimode-P25-TG30639", "tg": "30639" },
    { "disp": "Alabama Link", "tg": "31010" },
    { "disp": "Mountain West", "tg": "31062" },
    { "disp": "Colorado HD", "tg": "31088" },
    { "disp": "Connecticut Chat", "tg": "31092" },
    { "disp": "Illinois", "tg": "31171" },
    { "disp": "Southern Indiana", "tg": "31188" },
    { "disp": "TGIF Network", "tg": "31665" },
    { "disp": "P25 Pi-Star chat", "tg": "31672" },
    { "disp": "South Jersey", "tg": "31341" },
    { "disp": "Oklahoma Link", "tg": "31403" },
    { "disp": "DX-LINK", "tg": "31777" },
    { "disp": "KG4JPL North-Central Florida", "tg": "31888" },
    { "disp": "Fusion Canada Fr", "tg": "40721" },
    { "disp": "Bridge to YSF, NXDN and DMR", "tg": "50525" },
    { "disp": "New Zealand bridge to D-Star, DMR and NXDN", "tg": "53099" },
    { "disp": "Ontario Crosslink", "tg": "3023" }
    ],
    "ui": {
      "mode": {"public_id":"Repeater", "public_id_value":"P25Gateway", "station_id":"DMR ID", "station_id_value":"current_user.subscriberID"},
      "quick_access": {"title":"Reflectors", "slot_visible":false, "list_label":"REF", "adhoc_label":"Menu"},
      "log":{"dest_heading":"Reflector"}
    }
  }