<?xml version="1.0" encoding="utf-8" ?>
<dwsync>
<file name="bootstrap.min.css" server="ftp.maneldiaz.com" local="3495129635" remote="5027102680495390372" Dst="-1" />
<file name="style_parallax.css" server="ftp.maneldiaz.com" local="3495111550" remote="5027102680495390372" Dst="-1" />
<file name="tablaexcel.css" server="ftp.maneldiaz.com" local="3495134683" remote="5027102680495390372" Dst="-1" />
<file name="cabeceraexcel.css" server="ftp.maneldiaz.com" local="3495100966" remote="5027102680495390372" Dst="-1" />
<file name="bootstrap.min.css" server="ftp.maneldiaz.com//public/" local="3502549334" remote="3054648089517444280" Dst="-1" />
<file name="style_parallax.css" server="ftp.maneldiaz.com//public/" local="3495111550" remote="3054648089517444280" Dst="-1" />
<file name="tablaexcel.css" server="ftp.maneldiaz.com//public/" local="3497957959" remote="806203847864130280" Dst="-1" />
<file name="cabeceraexcel.css" server="ftp.maneldiaz.com//public/" local="3497957283" remote="806203847864129440" Dst="-1" />
<file name="style.css" server="ftp.maneldiaz.com//public/" local="3496740872" remote="1420019339488921576" Dst="-1" />
<file name="modal-dropdown.css" server="ftp.maneldiaz.com//public/" local="3484339958" remote="6375028894481697180" Dst="-1" />
<file name="cabecera.css" server="ftp.maneldiaz.com//public/" local="3497958671" remote="5038622607419547004" Dst="-1" />
<file name="bootstrap.min.css" server="37.187.199.153//var/www/wordpress/" local="3498736330" remote="3862664547505175212" Dst="-1" />
<file name="style_parallax.css" server="37.187.199.153//var/www/wordpress/" local="3495111550" remote="3862664547505153637" Dst="-1" />
<file name="tablaexcel.css" server="37.187.199.153//var/www/wordpress/" local="3497957959" remote="3862664547505153637" Dst="-1" />
<file name="cabecera.css" server="37.187.199.153//var/www/wordpress/" local="3497958671" remote="3862664547505153637" Dst="-1" />
<file name="maco_bootstrap.css" server="ftp.maneldiaz.com//public/" local="3453999874" remote="4449799152534431840" Dst="-1" />
<file name="maco_component.css" server="ftp.maneldiaz.com//public/" local="3504081789" remote="4449799152537968660" Dst="-1" />
<file name="maco_bootstrap-responsive.css" server="ftp.maneldiaz.com//public/" local="3454087835" remote="4449799152534431900" Dst="-1" />
<file name="bootstrap.min.css" server="ftp.ea5ee.es//public/" local="3515268146" remote="1059211506476301576" Dst="-1" />
<file name="style_parallax.css" server="ftp.ea5ee.es//public/" local="3515268145" remote="1059211506476301576" Dst="-1" />
<file name="tablaexcel.css" server="ftp.ea5ee.es//public/" local="3515268145" remote="4586868051645737020" Dst="-1" />
<file name="cabeceraexcel.css" server="ftp.ea5ee.es//public/" local="3515268146" remote="4586868051645737020" Dst="-1" />
<file name="bootstrap.min.css" server="ftp.ea3eiz.com//public/" local="130949146314647354" remote="130949146200000000" Dst="1" />
<file name="style_parallax.css" server="ftp.ea3eiz.com//public/" local="130873395331059087" remote="130945012200000000" Dst="1" />
<file name="bootstrap.css" server="ftp.ea3eiz.com//public/" local="130944907593971261" remote="130945011600000000" Dst="1" />
<file name="cabecera.css" server="ftp.ea3eiz.com//public/" local="130873395334340560" remote="130945012800000000" Dst="1" />
<file name="cabeceraexcel.css" server="ftp.ea3eiz.com//public/" local="130873395333871703" remote="130944903600000000" Dst="1" />
<file name="cabeceraexcel_01.css" server="ftp.ea3eiz.com//public/" local="130873395333715449" remote="130944903600000000" Dst="1" />
<file name="maco_bootstrap-responsive.css" server="ftp.ea3eiz.com//public/" local="130873395333090432" remote="130944903600000000" Dst="1" />
<file name="maco_bootstrap.css" server="ftp.ea3eiz.com//public/" local="130873395333402914" remote="130944903600000000" Dst="1" />
<file name="maco_component.css" server="ftp.ea3eiz.com//public/" local="130873395332465359" remote="130944903600000000" Dst="1" />
<file name="modal-dropdown.css" server="ftp.ea3eiz.com//public/" local="130873395331996589" remote="130944903600000000" Dst="1" />
<file name="style.css" server="ftp.ea3eiz.com//public/" local="130873395331684123" remote="130944903600000000" Dst="1" />
<file name="tablaexcel.css" server="ftp.ea3eiz.com//public/" local="130873395331059087" remote="130945012800000000" Dst="1" />
<file name="bootstrap.min.css" server="51.254.131.114//3spain.com/" local="130965987710000000" remote="131040800400000000" Dst="2" />
<file name="style_parallax.css" server="51.254.131.114//3spain.com/" local="130945041650000000" remote="131146954200000000" Dst="2" />
<file name="tablaexcel.css" server="51.254.131.114//3spain.com/" local="130945041650000000" remote="130959033600000000" Dst="1" />
<file name="cabeceraexcel.css" server="51.254.131.114//3spain.com/" local="130873395330000000" remote="130959033600000000" Dst="1" />
<file name="custom.css" server="51.254.131.114//3spain.com/" local="130991922820000000" remote="131040800400000000" Dst="2" />
<file name="cookies.css" server="51.254.131.114//3spain.com/" local="130945041650000000" remote="130959935400000000" Dst="1" />
<file name="estilos.css" server="51.254.131.114//3spain.com/" local="130494069677288897" remote="130990485600000000" Dst="1" />
</dwsync>