<?xml version="1.0" encoding="utf-8" ?>
<dwsync>
<file name="bootstrap.min.js" server="ftp.maneldiaz.com" local="3494310831" remote="3735519977803316900" Dst="-1" />
<file name="parallax.js" server="ftp.maneldiaz.com" local="3495389806" remote="5028916118766976736" Dst="-1" />
<file name="bootstrap.min.js" server="ftp.maneldiaz.com//public/" local="3496923559" remote="3159894373320314100" Dst="-1" />
<file name="parallax.js" server="ftp.maneldiaz.com//public/" local="3495714894" remote="3159894373320314100" Dst="-1" />
<file name="options.js" server="ftp.maneldiaz.com//public/" local="3498890535" remote="1238501789495252248" Dst="-1" />
<file name="twitter-bootstrap-hover-dropdown.min.js" server="ftp.maneldiaz.com//public/" local="3495691318" remote="3159894373320314100" Dst="-1" />
<file name="bootstrap.min.js" server="37.187.199.153//var/www/wordpress/" local="3496923559" remote="3567171965771458187" Dst="-1" />
<file name="parallax.js" server="37.187.199.153//var/www/wordpress/" local="3495714894" remote="3567171965771458187" Dst="-1" />
<file name="twitter-bootstrap-hover-dropdown.min.js" server="37.187.199.153//var/www/wordpress/" local="3495691318" remote="3567171965771458188" Dst="-1" />
<file name="options.js" server="37.187.199.153//var/www/wordpress/" local="3498937426" remote="5757577661502032946" Dst="-1" />
<file name="maco_modernizr.custom.js" server="ftp.maneldiaz.com//public/" local="3449563589" remote="2868042893046982752" Dst="-1" />
<file name="maco_jquery-1.8.2.min.js" server="ftp.maneldiaz.com//public/" local="3451641215" remote="4404753054497646688" Dst="-1" />
<file name="maco_bootstrap.min.js" server="ftp.maneldiaz.com//public/" local="3454475979" remote="4404753054497646688" Dst="-1" />
<file name="maco_boxlayout.js" server="ftp.maneldiaz.com//public/" local="3449577375" remote="4183545333762369632" Dst="-1" />
<file name="bootstrap.min.js" server="ftp.ea5ee.es//public/" local="3515268149" remote="4720526403098295560" Dst="-1" />
<file name="parallax.js" server="ftp.ea5ee.es//public/" local="3515268148" remote="4720526403098295560" Dst="-1" />
<file name="twitter-bootstrap-hover-dropdown.min.js" server="ftp.ea5ee.es//public/" local="3515268148" remote="4720526403098295560" Dst="-1" />
<file name="bootstrap.min.js" server="ftp.ea3eiz.com//public/" local="130945041660000000" remote="131037358800000000" Dst="2" />
<file name="parallax.js" server="ftp.ea3eiz.com//public/" local="130945041660000000" remote="131037358800000000" Dst="2" />
<file name="twitter-bootstrap-hover-dropdown.min.js" server="ftp.ea3eiz.com//public/" local="130945041660000000" remote="131037358800000000" Dst="2" />
<file name="jquery-1.11.2.min.js" server="ftp.ea3eiz.com//public/" local="130771760320000000" remote="131044987800000000" Dst="2" />
<file name="bootstrap.js" server="ftp.ea3eiz.com//public/" local="130771760320000000" remote="130945011600000000" Dst="1" />
<file name="borrarbootstrap-hover-dropdown.js" server="ftp.ea3eiz.com//public/" local="130873395513881151" remote="130944903600000000" Dst="1" />
<file name="maco_bootstrap.min.js" server="ftp.ea3eiz.com//public/" local="130873395513256060" remote="130944903600000000" Dst="1" />
<file name="maco_boxlayout.js" server="ftp.ea3eiz.com//public/" local="130873395512631024" remote="130944903600000000" Dst="1" />
<file name="maco_jquery-1.8.2.min.js" server="ftp.ea3eiz.com//public/" local="130873395512005994" remote="130944903600000000" Dst="1" />
<file name="maco_modernizr.custom.js" server="ftp.ea3eiz.com//public/" local="130873395510912204" remote="130944903600000000" Dst="1" />
<file name="options.js" server="ftp.ea3eiz.com//public/" local="130945041660000000" remote="131037484800000000" Dst="2" />
<file name="jquery.smooth-scroll.min.js" server="ftp.ea3eiz.com//public/" local="130945041660000000" remote="130945042200000000" Dst="2" />
<file name="waypoints.min.js" server="ftp.ea3eiz.com//public/" local="130945041660000000" remote="130945042200000000" Dst="2" />
</dwsync>